S01600003378554152545F6F6E5F51465036342E7333370B
S113000000000820212900004D2900004D2900008E
S11300104D2900004D2900004D2900004D29000004
S11300204D2900004D2900004D2900004D290000F4
S11300304D2900004C2900004D2900004D290000E5
S11300404D2900004D2900004D290000093500000C
S11300504D290000AD6F0000117A00004D29000009
S11300604D2900004D2900004D2900004D290000B4
S11300704D2900004D290000517100004D29000058
S11300804D2900004D2900004D2900004D29000094
S11300904D290000397300004D290000057500004A
S11300A04D2900004D2900004D2900004D29000074
S11300B04D2900004D2900004D2900004D29000064
S11300C04D2900004D2900004D2900004D29000054
S11300D04D2900004D2900004D2900004D29000044
S11300E04D2900004D2900004D2900004D29000034
S11300F04D2900004D2900004D2900004D29000024
S11301004D2900004D2900004D2900004D29000013
S11301104D2900004D2900004D2900004D29000003
S11301204D2900004D2900004D2900004D290000F3
S11301304D2900004D2900004D2900004D290000E3
S11301404D2900004D2900004D2900004D290000D3
S113015010B5054C237833B9044B13B10448AFF3FD
S113016000800123237010BD8000002000000000E7
S1130170109A000008B5034B1BB103490348AFF3C1
S1130180008008BD0000000084000020109A0000D8
S1130190154B002B08BF134B9D46A3F5803A002155
S11301A08B460F461348144A121A07F014FF0F4BDC
S11301B0002B00D098470E4B002B00D0984700200E
S11301C0002104000D000D48002802D00C48AFF3B4
S11301D0008007F0D1FE2000290002F0D9F807F0D2
S11301E0B7FE00BF00000800000008200000000067
S11301F00000000080000020E00C0020000000004F
S11302000000000080B487B000AFF860B9607A6085
S1130210FB6803F10473DA00BB6813449B007B6141
S11302207B697A681A6000BF1C37BD465DF8047BA1
S1130230704780B485B000AF786039607B6803F1A3
S11302400473DA003B6813449B00FB60FB681B6883
S113025018461437BD465DF8047B704780B485B0FA
S113026000AF786039607B6803F1C063FB60FB68B2
S11302703A681A6000BF1437BD465DF8047B7047C6
S113028080B485B000AF786039607B6803F1806327
S1130290FB60FB683A681A6000BF1437BD465DF81E
S11302A0047B704780B483B000AF786001227B6820
S11302B002FA03F318460C37BD465DF8047B704719
S11302C080B485B000AF78607B68002B03D07B6876
S11302D0B3F5004F00BF7B68B3FA83F3DBB2C3F11D
S11302E01F03FB60FB6818461437BD465DF8047BAA
S11302F0704780B584B000AF78607B680133B3FA8F
S113030083F3DBB2C3F11F03FB60F868FFF7CAFF96
S1130310FB6818461037BD4680BD000080B400AFAE
S1130320064B1B6803F04003002B01D1012300E0BE
S113033000231846BD465DF8047B70473C300E40F0
S113034080B500AFFFF7EAFF034683F00103DBB299
S1130350002B08D100BF12210448FFF76AFF0346AF
S1130360002BF8D100E000BF80BD00BF04300E4078
S113037080B500AFFFF7E4FF034B5B681B0C03F091
S11303800303DBB2184680BD00300E4080B584B054
S113039000AF78600123FB607B68124A934204D863
S11303A00023FB600023BB6008E07B680E4A934295
S11303B002D80123BB6001E00223BB60FA6810216C
S11303C00A48FFF71FFF094BD3F8003123F04072AE
S11303D0BB681B0605491343C1F8003100BF103741
S11303E0BD4680BD0048E8010090D00300400E40A7
S11303F080B485B000AF786039604FF080435B68AB
S113040003F04073FB600023BB6012E01B4ABB682F
S1130410DB0013441A793B68DBB29A4206D1174ACF
S1130420BB6852F833307A689A4206D9BB68013304
S1130430BB60BB68062BE9D900E000BFBB68072B93
S113044002D10323FB6005E00C4ABB68DB001344C4
S11304505B79FB60FB681B06FB604FF080435B68C5
S113046023F040724FF08041FB6813434B6000BFA0
S11304701437BD465DF8047B704700BF4C8A00000A
S113048080B582B000AF4FF080431B6C002B14BFCB
S113049001230023FB714FF0804341F671321A644B
S11304A002F076FA034600211846FFF7A1FFFB7914
S11304B0002B03D04FF0804300221A6400BF08379A
S11304C0BD4680BD80B584B000AF786039600C4B08
S11304D0FB603B68022B01D10A4BFB607A68FB6826
S11304E09A4204D908490948FFF7B8FE03E00649CF
S11304F00648FFF7C5FE00BF1037BD4680BD00BFEC
S113050080D543020024F4000202020000010040EE
S113051080B582B000AF786039607B680B4A934243
S113052009D93B68002B06D14FF480514FF080402D
S1130530FFF794FE05E04FF480514FF08040FFF741
S11305409FFE00BF0837BD4680BD00BF80F0FA02A1
S113055080B584B000AF786039604FF080431B6C85
S1130560002B14BF01230023FB734FF0804341F69B
S113057071321A6439687868FFF73AFF3968786825
S1130580FFF7A0FF39687868FFF7C2FFFB7B002BF9
S113059003D04FF0804300221A6400BF1037BD46D9
S11305A080BD000080B400AF044B5B6A1B0903F0FC
S11305B003031846BD465DF8047B704700400E40B7
S11305C080B483B000AF7860074B5B6A23F03002DD
S11305D07B681B01044913434B6200BF0C37BD46C3
S11305E05DF8047B704700BF00400E4080B483B0C8
S11305F000AF78600A4BD3F8443103F00103002BB9
S113060008D100BF064BD3F840217B681340002B70
S1130610F8D100E000BF0C37BD465DF8047B70479D
S113062000400E4080B500AF0321064800F01CF9DD
S11306300321054800F018F90321044800F014F9D7
S113064000BF80BD404105005041070060410900E2
S113065080B582B000AF02F0A5F93860FFF788FEDC
S11306600346022B1AD13A68224B1344224AA2FBB6
S11306700323DB0D7B607B68002B02D07B68013B8E
S11306807B6079681D4800F0EFF879681C4800F039
S1130690EBF879681B4800F0E7F827E03A681A4B52
S11306A013441A4AA2FB03231B0E7B607B68002BB6
S11306B002D07B68013B7B607968104800F0D4F875
S11306C07968104800F0D0F83A68114B1344114A85
S11306D0A2FB03239B0E7B607B68002B02D07B680C
S11306E0013B7B607968064800F0BEF800BF08371C
S11306F0BD4680BDFF2C31016BCA5F6B40410500D4
S113070050410700604109007FF0FA02893BE65539
S1130710FFA14A04B5FA9BEE80B586B000AF7860BD
S11307200B46FB7000233B617B681B0A03F00F033D
S1130730013B0E2B7CD801A252F823F0790700006C
S11307408507000031080000310800007F07000021
S1130750910700009B070000A5070000B1070000F7
S113076007080000BD070000DF0700003108000093
S11307708B070000010800002F4B7B6146E02F4BE4
S11307807B6143E02E4B7B6140E02E4B7B613DE07F
S11307902D4B7B6101233B6138E02C4B7B611023A3
S11307A03B6133E02A4B7B614FF480733B612DE066
S11307B0284B7B614FF480333B6127E0264B7B6100
S11307C0FB78002B14BF01230023DBB283F0010369
S11307D0DBB2FB70FB7803F00103FB7016E01F4BE8
S11307E07B61FB78002B14BF01230023DBB283F071
S11307F00103DBB2FB70FB7803F00103FB7005E03F
S1130800174B7B6102E0174B7B6100BF7B681B0BBE
S113081003F01F03FB603B69002B02D03869FFF72C
S1130820E5FEFB781A46F9687869FFF7EBFC00E00F
S113083000BF1837BD4680BD00400E40B0400E409A
S1130840C0400E40C4400E40E0400E40E8400E4020
S1130850EC400E40F0400E4060410E4064410E40BA
S1130860F0410E4050410E4080B584B000AF786036
S113087039607B681B0903F00F03FB60FB68013BD5
S11308800B2B00F2D58101A252F823F0BD08000021
S1130890070900001F0900003F0900005B09000070
S11308A07709000093090000C7090000D90A000075
S11308B0710B00009B0B0000150C0000FFF7E0FD1E
S11308C0BA48FFF763FDFFF7ADFEB94BD3F800312B
S11308D023F4F8523B681B02B5491343C1F80031B5
S11308E002F036F8B860FFF743FD03461946B868CE
S11308F0FFF72EFE02F056F803461846FFF746FDB2
S1130900FFF7A6FE95E1AA4BD3F8143123F4F8526D
S11309103B681B02A6491343C1F8143189E13868C6
S1130920FFF7CEFC3860A24BD3F8003123F04072BD
S11309303B681B069E491343C1F8003179E19C4B87
S1130940D3F80C3123F4FF3323F480733A68120292
S113095097491343C1F80C316BE1954BD3F8183127
S113096023F4FF3323F480733A681202904913434B
S1130970C1F818315DE18E4BD3F81C3123F4FF33F9
S113098023F480733A68120289491343C1F81C3175
S11309904FE1FFF775FD864BD3F8083123F4FF339D
S11309A023F480733A68120281491343C1F8083171
S11309B001F0CEFFB860FFF7DBFC03461946B868C8
S11309C0FFF7C6FD35E17B687A4A93424AD0794AFB
S11309D0934209D8784A934223D0784A93422FD03D
S11309E0774A93420AD076E0764A934260D0764AB8
S11309F093424AD0754A93425AD06CE03868FFF764
S1130A0078FC38600420FFF7F1FD694BD3F82031FE
S1130A1023F470223B681B0465491343C1F8203159
S1130A2059E04FF48020FFF7E1FD614BD3F83031FA
S1130A3023F003025E493B681343C1F830314AE0B6
S1130A403868FFF756FC38600420FFF7CFFD584B99
S1130A50D3F8203123F00F0255493B681343C1F802
S1130A60203138E03868FFF744FC38600420FFF791
S1130A70BDFD4F4BD3F8203123F0F0023B681B013E
S1130A804B491343C1F8203125E03868FFF731FCA6
S1130A9038600420FFF7AAFD454BD3F8203123F436
S1130AA040723B681B0242491343C1F8203112E0F3
S1130AB03868FFF71EFC38600420FFF797FD3C4BB5
S1130AC0D3F8203123F4E0423B681B033849134335
S1130AD0C1F8203100BFACE07B683D4A934218D096
S1130AE03C4A934228D03C4A934200D03FE03868C5
S1130AF0FFF7FFFB38604020FFF778FD2C4BD3F85D
S1130B00283123F003022A493B681343C1F82831F2
S1130B102DE03868FFF7EDFB38604020FFF766FDF5
S1130B20234BD3F8283123F030023B681B012049C2
S1130B301343C1F828311AE03B687F2B02D83B6885
S1130B400E2B00BF3868FFF7D4FB0346043B3B6021
S1130B504020FFF74BFD164BD3F8283123F44052C5
S1130B603B681B0312491343C1F8283100BF60E0FE
S1130B707B68114A934200D00EE04FF48020FFF7C7
S1130B8035FD0B4BD3F8303123F0030208493B68A1
S1130B901343C1F8303100BF4BE07B680F4A9342E6
S1130BA020D00F4A934228D033E000BF0148E80127
S1130BB000400E4080161800A0091400800616009C
S1130BC08046120000362C0080262E0080002A0069
S1130BD090171C009037300090071A00B8003200BC
S1130BE0B9003400154BD3F85C3123F003021349E8
S1130BF03B681343C1F85C310BE0104BD3F85C3114
S1130C0023F440323B681B040C491343C1F85C31A4
S1130C1000BF0EE0094BD3F8043123F4FF3323F46F
S1130C2080733A68120205491343C1F8043100E0A5
S1130C3000BF00BF1037BD4680BD00BF00400E405E
S1130C4080B485B000AF78600123FB737B6803F048
S1130C500F03BB60BB68013B0B2B00F2748101A244
S1130C6052F823F0950C0000F10C0000210D000057
S1130C70990D0000690D0000C90D0000470F000028
S1130C80ED0D00002F0E0000730E0000B30E0000E7
S1130C90F30E0000B34BD3F8943003F00703023B88
S1130CA0052B21D801A252F823F000BFD10C00007B
S1130CB0CB0C0000C50C0000D70C0000E30C0000B6
S1130CC0DD0C00000223FB7311E00323FB730EE031
S1130CD00423FB730BE00D23FB7308E00E23FB736B
S1130CE005E00A23FB7302E00523FB7300BF32E136
S1130CF09C4BD3F8803003F00703022B06D0042B5F
S1130D0007D0012B08D10323FB7308E00223FB73F4
S1130D1005E00C23FB7302E00123FB7300BF1AE11F
S1130D20904BD3F8843003F00703013B032B17D80F
S1130D3001A252F823F000BF490D00004F0D00003E
S1130D405B0D0000550D00000323FB730BE0022331
S1130D50FB7308E00C23FB7305E00623FB7302E03E
S1130D600123FB7300BFF6E07E4BD3F8883003F019
S1130D700703022B06D0042B07D0012B08D1032331
S1130D80FB7308E00223FB7305E00C23FB7302E012
S1130D900123FB7300BFDEE0724BD3F88C3003F009
S1130DA00703022B06D0042B07D0012B08D1032301
S1130DB0FB7308E00223FB7305E00C23FB7302E0E2
S1130DC00123FB7300BFC6E0664B1B6F03F00303F4
S1130DD0002B04D0012B05D10923FB7305E0072365
S1130DE0FB7302E00123FB7300BFB4E05D4BD3F857
S1130DF05C3103F03003102B0CD0102B02D8002BE5
S1130E0005D010E0202B08D0302B09D00BE00123B3
S1130E10FB730BE00723FB7308E00423FB7305E07B
S1130E200823FB7302E00123FB7300BF93E04D4BE7
S1130E30D3F85C3103F44013B3F5801F0FD0B3F53E
S1130E40801F02D8002B07D085E0B3F5001F09D01E
S1130E50B3F5401F09D07EE00123FB7308E00723AC
S1130E60FB7305E00423FB7302E00823FB7300BF5C
S1130E7071E03C4BD3F8603103F00303032B65D8D6
S1130E8001A252F823F000BF990E00009F0E00004B
S1130E90A50E0000AB0E00000523FB7308E004233D
S1130EA0FB7305E00723FB7302E00A23FB7300BF17
S1130EB04CE02C4BD3F8643103F00303032B47D8E5
S1130EC001A252F823F000BFD90E0000DF0E00008B
S1130ED0E50E0000EB0E00000523FB7308E004237D
S1130EE0FB7305E00723FB7302E00A23FB7300BFD7
S1130EF02EE01C4BD3F8F03103F00703052B29D85F
S1130F0001A252F823F000BF210F0000270F0000B8
S1130F102D0F0000330F0000390F00003F0F0000B9
S1130F200A23FB730EE00423FB730BE00B23FB7318
S1130F3008E00523FB7305E00223FB7302E00323AF
S1130F40FB7300BF06E00023FB7304E000BF02E074
S1130F5000BF00E000BFFB7B18461437BD465DF8B8
S1130F60047B704700400E4080B58AB000AF7860C3
S1130F700B46FB7003237B62032387F82330002393
S1130F80BB6100237B617B68112B19D1FB78042B97
S1130F9003D101F081FD78610BE0FB78052B08D1CA
S1130FA000F028FC0246C44B9A4202D900F022FC0D
S1130FB078617B69002B03D00021786901F0EEFD94
S1130FC07B6803F00F033B613B69013B0B2B00F291
S1130FD0748201A252F823F0091000000F110000DE
S1130FE02F1100001311000021110000CD11000089
S1130FF0BB140000EB11000061120000F7120000A6
S11310007B130000FF130000FB78023B0C2B00F263
S1131010568201A252F823F04D100000591000002E
S11310206510000077100000BF140000BF1400001A
S1131030BF140000BF140000A1100000BF14000082
S1131040BF140000891000009510000004237B6287
S1131050002387F8233029E003237B62012387F8E8
S1131060233023E002237B62022387F82330934852
S1131070FFF78CF91AE001237B62032387F82330FE
S11310808E48FFF783F911E005237B62032387F879
S113109023300BE007237B62072387F8233005E026
S11310A006237B62052387F8233000BF97F823309B
S11310B0072B06D097F8233001220121184600F0AF
S11310C00BFCFFF7DDF9FFF7ADFA7B69002B01D0CC
S11310D0FFF736F97A4A7B6A536701F039FCF86006
S11310E001F060FC03461846FFF750F9FFF740F99A
S11310F003461946F868FFF72BFA7B69002B03D1E6
S11311000121002001F04AFDFFF7A2FAE4E16D4B52
S1131110BB61BB69002B01D0BB6900E06A4BBB61BA
S1131120BB69002B01D0BB6900E0684BBB61BB69A4
S1131130002B01D0BB6900E0654BBB61FB78013B30
S11311400B2B00F2BE8101A252F823F07D110000A6
S11311508311000093110000C3140000C3140000A5
S1131160A3110000C3140000C3140000C314000042
S1131170C3140000C3140000BF1100000023FB616E
S113118020E001220121002000F0A6FB0223FB61E4
S113119018E001220121012000F09EFB0123FB61E4
S11311A010E001F0FFFB03461846FFF7EFF80122B9
S11311B000214848FFF726F80323FB6102E00423DB
S11311C0FB6100BFBB69FA691A6085E1FB78072BF4
S11311D002D0092B04D07FE1394B00221A6703E0C7
S11311E0374B01221A6700BF76E1FB78013B072BDE
S11311F000F2698101A252F823F000BF1D12000021
S1131200C7140000C714000033120000C714000004
S1131210C714000023120000431200000023FB61E6
S113122012E001220121042000F056FB0123FB619E
S11312300AE001220121022000F04EFB0223FB619F
S113124002E00323FB6100BF1D4BD3F85C3123F0A4
S11312503002FB691B011A491343C1F85C313BE1BD
S1131260FB78013B072B00F2308101A252F823F0F6
S113127091120000CB140000CB140000A712000050
S1131280CB140000CB14000097120000D912000008
S11312900023FB6123E001220121042000F01CFB58
S11312A00123FB611BE001220121022000F014FB59
S11312B00223FB6113E000BF002D31010148E80166
S11312C000400E4080400E408C400E4088400E404E
S11312D084400E40B0400E400323FB6100BF804BAE
S11312E0D3F85C3123F44012FB691B057C4913439A
S11312F0C1F85C31F0E0FB78043B062B00F2E78098
S113130001A252F823F000BF35130000251300009A
S1131310CF14000045130000CF140000CF140000C8
S11313205513000001220121032000F0D5FA002307
S1131330FB6117E001220121022000F0CDFA012314
S1131340FB610FE001220121042000F0C5FA022311
S1131350FB6107E001220121052000F0BDFA03230F
S1131360FB6100BF5E4BD3F8603123F003025C499C
S1131370FB691343C1F86031AEE0FB78043B062BF4
S113138000F2A78001A252F823F000BFB9130000B5
S1131390A9130000D3140000C9130000D3140000E3
S11313A0D3140000D913000001220121032000F00E
S11313B093FA0023FB6117E001220121022000F0CF
S11313C08BFA0123FB610FE001220121042000F0CC
S11313D083FA0223FB6107E001220121052000F0CA
S11313E07BFA0323FB6100BF3D4BD3F8643123F048
S11313F003023B49FB691343C1F864316CE0FB7899
S1131400023B092B67D801A252F823F0851400008F
S1131410951400004514000075140000D714000052
S1131420D7140000D7140000D714000035140000AE
S11314305514000001220121052000F04DFA00237B
S1131440FB612FE001220121022000F045FA012373
S1131450FB6127E001F020FB214B5B6A204A43F04B
S11314600803536201220121022000F035FA02230D
S1131470FB6117E001220121032000F02DFA032370
S1131480FB610FE001220121002000F025FA042372
S1131490FB6107E001220121012000F01DFA052370
S11314A0FB6100BF0E4BD3F8F03123F007020C4967
S11314B0FB691343C1F8F0310EE000BF0CE000BF3C
S11314C00AE000BF08E000BF06E000BF04E000BF80
S11314D002E000BF00E000BF2837BD4680BD00BF6A
S11314E000400E4080B58AB000AF786000237B6274
S11314F00023FB77FEF73CFF0346022B06D17B68F3
S11315001B686F4A934201D90023D5E000233B6254
S113151018E07B681A686B493B6A1B010B441B6823
S11315209A420CD37B681A6866493B6A1B010B44D8
S113153004331B689A4202D83B6A7B6205E03B6A2B
S113154001333B623B6A172BE3D97B6A182B01D129
S11315500023B1E05B4A7B6A1B01134408331B6818
S1131560BB61584A7B6A1B0113440C331B68002B74
S113157019D0544A7B6A1B0113440C331B68184668
S113158000F0A6F8034603F07F037B617B69092B17
S113159003D97B69093B7B6101E000237B61BA6964
S11315A07B691343BB617B681B68474A1360112046
S11315B0FFF746FB0346052B01D1FEF761FF11201F
S11315C0FFF73EFB0346052B09D17B681B681846D1
S11315D0FEF7DCFE0123FB773C4B05225A673B4BAD
S11315E04FF400521A6600BF384BD3F8903003F41E
S11315F04053002BF8D1354B4FF46032C3F8A82088
S11316007B689B881B047A68D28811462F4A0B4357
S113161053642E4ABB6913617B689B7ADB007A684A
S1131620527B002A01D0042200E000221A437B6886
S1131630DB7A5B0013437A68127B1146234A0B431F
S11316401364224B4FF480521A6600BF1F4BD3F829
S1131650A03003F460333B613B69002BF6D01120CA
S1131660FFF7EEFA03460D2B05D1FB7F002B02D0CA
S1131670164B01225A671120FFF7E2FA0346052BA5
S113168009D101F065F9F860FEF772FE03461946C8
S1131690F868FEF75DFF01F085F903461846FEF78A
S11316A075FE0121002001F079FA3B69B3F5004F82
S11316B001D1012300E0002318462837BD4680BD30
S11316C0002D3101CC8800000C00002000400E40A9
S11316D080B483B000AF78607B68374A934243D0CC
S11316E0354A934216D8354A93422DD0334A934211
S11316F006D8334A934227D0324A934224D053E047
S1131700314A934228D0314A934229D0304A9342F5
S11317101ED049E02F4A934236D02E4A934209D82C
S11317202D4A934228D02D4A934229D02C4A9342E1
S11317301ED039E02B4A93422ED02B4A93422FD00D
S11317402A4A934224D02FE0294BD3F880302CE04E
S1131750274BD3F88C3028E0254BD3F8983024E07D
S1131760234BD3F89C3020E0214BD3F8A0301CE06D
S11317701F4BD3F8A83018E01D4BD3F8AC3014E05D
S11317801B4BD3F8B03010E0194BD3F8B4300CE055
S1131790174BD3F8B83008E0154BD3F8BC3004E04D
S11317A0134BD3F8C03000E0002318460C37BD4675
S11317B05DF8047B704700BFC0EA210100093D00C9
S11317C040420F0080841E00405DC6000024F400E7
S11317D0C0CF6A00006CDC020048E80180D54302F7
S11317E080BA8C010090D00300A24A04007E560304
S11317F0B081E00F80B400AF034B1B681846BD46B0
S11318005DF8047B704700BF0C00002080B584B0F5
S113181000AF78601120FFF713FA012200210220A3
S113182000F05AF80023FB607B68DB7A012B0AD0B6
S1131830022B05D0002B00D008E00023FB6005E05C
S11318400323FB6002E00123FB6000BF204B5B6AC3
S113185023F003021E49FB6813434B620023FB6021
S113186001F01AF902461B4B9A4203D8FB6843F075
S11318700803FB60164B5B6A23F008021449FB68FB
S113188013434B627B681B88DB027A6892881A4395
S11318900F4BDA620E4B1B6B1B0D1B057A685288CB
S11318A0D20213437A68D2881146094A0B43136360
S11318B07B681B7A1A037B685B7A1B0113437A6883
S11318C0927A1A43024B5A6300BF1037BD4680BD5B
S11318D000400E4040787D0180B588B000AF0346DB
S11318E0FB710B46BB7113467B71FB79052B00F230
S11318F0BF8001A252F823F05919000047190000D3
S11319002319000011190000351900006F19000097
S113191001237B6102233B610123FB610023BB6143
S113192030E004237B6108233B610323FB61022332
S1131930BB6127E010237B6120233B610523FB610E
S11319400423BB611EE040237B6180233B610723AA
S1131950FB610623BB6115E04FF480737B614FF498
S113196000733B610923FB610823BB610AE04FF468
S113197080637B614FF400633B610B23FB610A23AB
S1131980BB6100BFBB79002B55D00023FB73FB79EF
S1131990022B11D1FEF706FE0346012B0CD1364B68
S11319A0DB6B0123FB73354B5B6A03F00303032BEF
S11319B002D10220FEF704FE304A7B69136600BFA1
S11319C0B9692F48FEF735FC0346002BF8D07B7924
S11319D0002B4ED000BFF9692948FEF72AFC0346C4
S11319E0002BF8D0FB79022B43D1FB7B002B40D09A
S11319F0224B5B6A03F00303032B03D00021022074
S1131A0000F0F2F8022000F03DF8B8600122002155
S1131A100220FFF761FFB968022000F06DF8174A51
S1131A207B69136600BFF9691548FEF702FC03469B
S1131A30002BF8D01DE0114A3B69136600BF0F4B21
S1131A40D3F890300121BA6901FA02F21340002B55
S1131A50F5D17B79002B0CD000BF084BD3F8903024
S1131A600121FA6901FA02F21340002BF5D100E0DA
S1131A7000BF2037BD4680BD00300E4000400E4000
S1131A8090400E4080B485B000AF0346FB71FB79F3
S1131A90013B042B24D801A252F823F0B11A000010
S1131AA0E11A0000BD1A0000D51A0000C91A00008E
S1131AB0104B1B6AC3F30803FB6014E00D4B1B6956
S1131AC003F07F03FB600EE00A4B9B6803F07F0387
S1131AD0FB6008E0074B9B6903F07F03FB6002E0B7
S1131AE00023FB6000BFFB6818461437BD465DF851
S1131AF0047B704700400E4080B582B000AF0346BF
S1131B003960FB71FB79013B042B63D801A252F8C5
S1131B1023F000BF291B0000D51B0000571B000049
S1131B20AB1B0000811B00003B68C3F308033B6050
S1131B3000BF1A212A48FEF77CFB0346002BF8D18C
S1131B40284B1B6A23F4FF7323F0010325493A68E9
S1131B5013430B623FE03B6803F07F033B6000BF2D
S1131B6018211F48FEF765FB0346002BF8D11D4BD7
S1131B701B6923F07F021B493B6813430B612AE076
S1131B803B6803F07F033B6000BF1E211448FEF74F
S1131B9050FB0346002BF8D1124B9B6823F07F02C5
S1131BA010493B6813438B6015E03B6803F07F03E7
S1131BB03B6000BF19210A48FEF73BFB0346002B9C
S1131BC0F8D1084B9B6923F07F0206493B68134315
S1131BD08B6100E000BF00BF0837BD4680BD00BF79
S1131BE040410E4000400E4080B584B000AF034633
S1131BF00A46FB711346BB71FEF7D4FC0346012B66
S1131C0003D14FF48003FB6009E0BB79002B03D1BF
S1131C104FF48003FB6002E0084BFB6000BF00BF91
S1131C20074BD3F89020FB681340FA689A42F7D127
S1131C30012318461037BD4680BD00BFFF3F473A19
S1131C4000400E4080B487B000AFF860B9607A609D
S1131C50FB6803F10473DA00BB6813449B007B61E7
S1131C607B697A681A6000BF1C37BD465DF8047B47
S1131C70704780B485B000AF786039607B6803F149
S1131C80C063FB60FB683A681A6000BF1437BD4646
S1131C905DF8047B704780B485B000AF786039602C
S1131CA07B6803F18063FB60FB683A681A6000BFDD
S1131CB01437BD465DF8047B704780B584B000AF2F
S1131CC0F860B9607A60B968F868FFF7E4FF79688A
S1131CD0F868FFF7CEFF00BF1037BD4680BD000097
S1131CE080B483B000AF7860044A7B68C2F82434BF
S1131CF000BF0C37BD465DF8047B70470080084088
S1131D0080B582B000AF03463960FB71FB79002BCC
S1131D1016D0FB79012B13D0FB79022B10D0FB7961
S1131D20032B0DD0FB79042B0AD0FB79052B07D0AC
S1131D30FB79062B04D0FB79072B01D0FB79082B08
S1131D40FA7913465B0013441B010C3303F18043FF
S1131D5003F5082301213A6801FA02F211461846F4
S1131D60FFF799FF00BF0837BD4680BD80B582B03C
S1131D7000AF03463960FB71FB79002B16D0FB7969
S1131D80012B13D0FB79022B10D0FB79032B0DD040
S1131D90FB79042B0AD0FB79052B07D0FB79062BA2
S1131DA004D0FB79072B01D0FB79082BFA79134671
S1131DB05B0013441B010C3303F1804303F5082338
S1131DC001213A6801FA02F211461846FFF751FF61
S1131DD000BF0837BD4680BD80B586B000AFB9608E
S1131DE07A601A460346FB731346BB7300237B6178
S1131DF0FB7B002B16D0FB7B012B13D0FB7B022B30
S1131E0010D0FB7B032B0DD0FB7B042B0AD0FB7B78
S1131E10052B07D0FB7B062B04D0FB7B072B01D0C3
S1131E20FB7B082B7B68072B0ED87B689B000F225B
S1131E3002FA03F1FA7B7B689B0002FA03F31A4669
S1131E402B48FFF73AFF10E07B68083B7B617B6916
S1131E509B000F2202FA03F1FA7B7B699B0002FAD2
S1131E6003F31A462348FFF728FF7B68072B10D893
S1131E707B689B00032202FA03F1BB6803F00302B0
S1131E807B689B0002FA03F31A461B48FFF715FF11
S1131E900FE07B699B00032202FA03F1BB6803F0A5
S1131EA003027B699B0002FA03F31A461348FFF707
S1131EB004FFBB7B1A4679681148FFF7C3FE97F805
S1131EC020301A4679680F48FFF7BCFE01227B6870
S1131ED002FA03F31846FFF703FF97F824301A4673
S1131EE079680948FFF7AEFE00BF1837BD4680BDCC
S1131EF00084084004840840088408400C84084096
S1131F0010840840148408402884084080B584B0B4
S1131F1000AFB9607B600346FB731346BB73FB7B66
S1131F20002B16D0FB7B012B13D0FB7B022B10D094
S1131F30FB7B032B0DD0FB7B042B0AD0FB7B052BF7
S1131F4007D0FB7B062B04D0FB7B072B01D0FB7B4C
S1131F50082BBB7B002B0DD07B68002B05D0FB7BB3
S1131F60B9681846FFF702FF04E0FB7BB96818461E
S1131F70FFF7C6FEBB68072B20D82E49FA7B134611
S1131F805B0013441B010B4404331A68BB689B00B9
S1131F900F2101FA03F3DB431340B97BBA689200C3
S1131FA001FA02F211462348FA7B194313465B00F7
S1131FB013441B0103440433196025E01D49FA7BD3
S1131FC013465B0013441B010B4408331A68BB68B7
S1131FD003F18043083B9B000F2101FA03F3DB4329
S1131FE002EA0301BA7BBB6803F18043083B9B0010
S1131FF002FA03F30F48FA7B194313465B001344B8
S11320001B01034408331960BB7B002B0DD17B6893
S1132010002B05D0FB7BB9681846FFF7A7FE04E048
S1132020FB7BB9681846FFF76BFE00BF1037BD464F
S113203080BD00BF0080084080B483B000AF7860EA
S113204000BF7B681B6903F08003002BF9D07B6819
S1132050DB69DBB218460C37BD465DF8047B70477C
S113206080B483B000AF78600B46FB7000BF7B6820
S11320701B6903F04003002BF9D0FA787B685A639C
S113208000BF0C37BD465DF8047B704780B483B055
S113209000AF03463960FB7197F90730002B0ADB68
S11320A03B68DAB20C4997F907305201D2B20B44BB
S11320B083F800230AE03B68DAB20849FB7903F0AD
S11320C00F03043B5201D2B20B441A7600BF0C3703
S11320D0BD465DF8047B704700E100E000ED00E0E0
S11320E080B485B000AF786039607B6803F1C06369
S11320F0FB60FB683A681A6000BF1437BD465DF8A0
S1132100047B704780B485B000AF786039607B6829
S113211003F18063FB60FB683A681A6000BF143700
S1132120BD465DF8047B704780B582B000AF0346BE
S11321303960FB71FB79002B16D0FB79012B13D08E
S1132140FB79022B10D0FB79032B0DD0FB79042BE8
S11321500AD0FB79052B07D0FB79062B04D0FB7939
S1132160072B01D0FB79082BFA7913465B00134443
S11321701B010C3303F1804303F5082301213A6862
S113218001FA02F211461846FFF7BCFF00BF0837F8
S1132190BD4680BD80B582B000AF03463960FB7197
S11321A0FB79002B16D0FB79012B13D0FB79022B82
S11321B010D0FB79032B0DD0FB79042B0AD0FB79CB
S11321C0052B07D0FB79062B04D0FB79072B01D014
S11321D0FB79082BFA7913465B0013441B010C337B
S11321E003F1804303F5082301213A6801FA02F25E
S11321F011461846FFF774FF00BF0837BD4680BD7F
S113220080B400AF4FF0804301225A64184BD3F8D6
S1132210B030174A43F00103C2F8B030144BD3F87E
S1132220E030134A43F00803C2F8E030114B1B6856
S1132230104A43F4805313600D4BD3F8E0300C4A3A
S113224023F00803C2F8E030094BD3F8B030084A51
S113225023F00103C2F8B030074B1B68064A43F46D
S1132260F843136000BFBD465DF8047B704700BFB0
S113227000400E4034400540A4310E4080B588B083
S113228000AF224A07F1140307CA83E807000023BA
S1132290FB7707F114031846FFF7B8FA012201216E
S11322A00220FFF719FB3B1D00221A605A609A6056
S11322B0DA60174B7B6040F60F633B8140F6C31333
S11322C07B810423BB7301237B743B1D1846FFF7FA
S11322D009F9034683F00103DBB2002B03D0042188
S11322E01120FEF741FE0B4BD3F80C31094A23F4BD
S11322F0FF3323F48073C2F80C3101210648FEF742
S11323000BFA00BF2037BD4680BD00BF848A0000A1
S113231000A24A0400400E404041050080B500AFD1
S113232001210D48FEF7F8F90023042201210020C1
S1132330FFF7ECFD0023042202210020FFF7E6FD55
S11323400023042204210320FFF7E0FD02210020E2
S1132350FFF720FF00BF80BD00550A0080B485B0A0
S113236000AF78600023FB6004E0FB68FB60FB685F
S11323700133FB607B6840F60B2202FB03F2FB682F
S11323809A42F2D800BF1437BD465DF8047B70470B
S113239080B5C0B000AFFFF733FF00210320FFF783
S11323A075FE01210E20FFF771FE02211520FFF7B3
S11323B06DFE03210620FFF769FE04211720FFF7B5
S11323C065FE05210520FFF761FEFFF757FF01F0C9
S11323D05DF8FFF7A3FF01F0E1FA05F075F904F0E9
S11323E047FF05F017F804F0ADFD04F065FE05F0B5
S11323F0FDFB01F0F1F801F05DF904F0A1FB01F03F
S1132400FBFA4FF49670FFF7A9FF01F0FDFA01F013
S11324100BFB4FF49670FFF7A1FF01F00DFB01F0E9
S11324201BFB4FF49670FFF799FF01F01DFB01F0C1
S11324302BFB4FF49670FFF791FF01F02DFB01F099
S11324403BFB4FF49670FFF789FF01F03DFB01F071
S11324504BFB4FF49670FFF781FF01F04DFB01F049
S113246015FC01F0DFFB02F0BFFF3B4600221A60BF
S113247004E03B461B685A1C3B461A603B461B68FB
S1132480C94A9342F5DD04210320FFF74DFEC748F6
S113249004F03AFFC64805F061F9C64805F01AF899
S11324A0C54805F017F801F02BFD03F0CDFD04F04D
S11324B037FAC24B1B78002B00F0D581BF4B1B7839
S11324C0313B472B00F2C68101A252F823F000BF32
S11324D0912600009D260000A9260000B5260000D4
S11324E0C1260000CD260000552800005528000014
S11324F055280000552800005528000055280000E4
S113250055280000552800005528000055280000D3
S113251055280000552800005528000055280000C3
S113252055280000552800005528000055280000B3
S113253055280000552800005528000055280000A3
S11325405528000055280000552800005528000093
S1132550552800005528000055280000E5260000F5
S11325605528000055280000552800005528000073
S11325705528000055280000552800005528000063
S11325805528000055280000552800005528000053
S1132590772700005528000055280000FD2600007C
S11325A0552800005528000055280000F12500009A
S11325B03F27000055280000552800007B26000016
S11325C05528000055270000552800008B260000E0
S11325D055280000A327000029270000D926000061
S11325E055280000552800006F260000F126000041
S11325F0734804F06FFF734804F06CFF724804F0F2
S113260069FF704804F066FF704804F063FF704887
S113261004F060FF6F4804F05DFF6F4804F05AFF58
S11326206E4804F057FF6E4804F054FF6D4804F000
S113263051FF6D4804F04EFF6C4804F04BFF6C48AA
S113264004F048FF6B4804F045FF6B4804F042FF78
S11326506A4804F03FFF6A4804F03CFF594804F01C
S113266039FF03F035F9574804F034FFF5E06548C5
S113267004F030FF01F050FAEFE0634804F02AFF61
S113268001F0D0FA01F03CFCE7E001F039FCE4E0B1
S113269001F0C2F95D4804F01DFFDEE001F0D4F959
S11326A05B4804F017FFD8E001F0E6F9594804F05C
S11326B011FFD2E001F0F8F9574804F00BFFCCE029
S11326C001F00AFA554804F005FFC6E001F01CFACF
S11326D0534804F0FFFEC0E003F076FB514804F0D9
S11326E0F9FEBAE004F028FD4F4804F0F3FEB4E02C
S11326F04E4804F0EFFE00F05DFFAEE04C4B1B785B
S1132700002B0CBF01230023DBB21A46484B1A707E
S1132710474B1B78012B03D1464804F0DBFE9CE0B9
S1132720454804F0D7FE98E0444B1B78002B0CBFBF
S113273001230023DBB21A46404B1A708DE0404B54
S11327401B78002B0CBF01230023DBB21A463C4B41
S11327501A7082E03B4B1B78002B0CBF0123002333
S1132760DBB21A46374B1A70364B1B78002B73D0EA
S113277005F050F870E0344804F0ACFE00F038FF87
S11327800346184601F014F8304804F0A3FE00F0A4
S11327909DFF0346184601F00BF82D4804F09AFEFD
S11327A05BE004F067FB58E09F860100908A00001C
S11327B0A88A0000C08A0000E08A0000D80A00202D
S11327C0088B0000108B0000348B0000488B000045
S11327D06C8B0000908B0000A88B0000C48B000061
S11327E0E48B00000C8C0000308C0000508C000046
S11327F0608C00007C8C0000948C0000B88C00007D
S1132800DC8C0000F88C0000148D0000348D000076
S11328103C8D0000448D00004C8D0000548D000060
S11328205C8D0000648D0000748D00008C8D0000B0
S1132830100000209C8D0000B08D0000B10000202D
S1132840B2000020B3000020C48D0000DC8D000025
S1132850E88D000000BF00E000BF274804F03AFE06
S1132860264B00221A70264B1B78012B7FF41DAED9
S1132870234B00221A70234B1B680133214A136037
S1132880204B1A68204BA3FB02131B0B4FF4E1519E
S113289001FB03F3D31A002B01D104F0BBFF03F0B7
S11328A093FF1A4B1B78012B02D1194804F012FE36
S11328B0184B1B78012B19D100F011FE03461A4660
S11328C03B1D1549184605F08FFB3B1D184604F0C7
S11328D001FE00F00EFE03461A463B1D0F49184642
S11328E005F082FB3B1D184604F0F4FD00F09CFE4D
S11328F000F008FFD9E500BFEC8D0000D80A0020E5
S1132900D409002090010020C5B3A291B100002099
S1132910F48D0000B2000020F88D0000108E00003D
S1132920064880470649074A074B9A42BEBF51F8FA
S1132930040B42F8040BF8E7FDF72AFCB12A000067
S11329401C9A00000000002080000020FEE700BF69
S113295080B582B000AF00F025F878600A4BD3F858
S113296008311B0AC3F308033B603B6801337A68F0
S1132970B2FBF3F37B60054A7B6813607B681846FF
S11329800837BD4680BD00BF00400E40080000204F
S113299080B400AF024B1846BD465DF8047B704717
S11329A000A24A0480B483B000AF334BD3F8943010
S11329B003F00703023B042B49D801A252F823F089
S11329C0E5290000DD290000D5290000452A000082
S11329D0ED290000294B1B687B603CE04FF4004369
S11329E07B6038E0264B1B687B6034E0224B9B689D
S11329F01B0C03F01F03073B072B1FD801A252F83F
S1132A0023F000BF252A00003D2A00003D2A0000D3
S1132A103D2A00002B2A00003D2A0000312A000034
S1132A20372A0000174B7B600BE0174B7B6008E0F4
S1132A30164B7B6005E0164B7B6002E000237B6055
S1132A4000BF08E0134B1B685B087B6003E0114B7D
S1132A501B687B6000BF084BD3F800311B0A03F0EE
S1132A601F0301337A68B2FBF3F318460C37BD46F3
S1132A705DF8047B704700BF00400E400400002056
S1132A80000000200024F4000048E801006CDC028F
S1132A9080F0FA020C00002080B400AF034B1B68E6
S1132AA01846BD465DF8047B704700BF0000002057
S1132AB080B400AF074B084A9A60064BD3F88830BD
S1132AC0044A43F47003C2F8883000BFBD465DF881
S1132AD0047B704700ED00E00000000080B485B086
S1132AE000AF786039607B6803F10473DA003B68F7
S1132AF013449B00FB60FB681B6818461437BD46F3
S1132B005DF8047B7047000080B400AF064B1B687F
S1132B1003F04003002B01D1012300E000231846F9
S1132B20BD465DF8047B70473C300E4080B500AF75
S1132B30FFF7EAFF034683F00103DBB2002B08D161
S1132B4000BF12210448FFF7C9FF0346002BF8D148
S1132B5000E000BF80BD00BF04300E4080B500AF70
S1132B60FFF7E4FF034B5B681B0C03F00303DBB2CA
S1132B70184680BD00300E4080B483B000AF0346D9
S1132B80FB71FB79C3F10203102202FA03F3184626
S1132B900C37BD465DF8047B7047000080B584B0F7
S1132BA000AF78600B46FB70FFF7AEFF034683F07F
S1132BB00103DBB2002B28D17B68002B0FD1154B0E
S1132BC0D3F800311B0A03F01F030133BB60FFF786
S1132BD0E9FE0246BB6802FB03F3FB6001E07B688D
S1132BE0FB600D4B1B78002B09D0FB680B4A93420A
S1132BF005D8FB781946022000F012F806E0FB78AD
S1132C001946002000F00CF800E000BF1037BD4664
S1132C1080BD00BF00400E409C000020002D31010B
S1132C2090B587B000AF03460A46FB711346BB71EB
S1132C30FFF76AFF034683F00103DBB2002B31D1B7
S1132C40FFF78CFF03461A46FB7993422CD0184BAE
S1132C50D3F800311B0A03F01F0301337B61FFF734
S1132C60A1FE38613B697A6902FB03F3FB60FB79DF
S1132C70022B03D102213869FDF76AFC0D4CFB7964
S1132C801846FFF779FF03462361BB79002B01D077
S1132C90FFF74CFFFB79002B07D100213869FDF7C2
S1132CA057FC02E000BF00E000BF1C37BD4690BDEA
S1132CB000400E4000300E4080B400AF0A4B5B6809
S1132CC0094B5B684FF0804341F671321A644FF050
S1132CD080439B684FF0804223F00103936000BF60
S1132CE0BD465DF8047B704700300E4080B400AFF1
S1132CF04FF080439B684FF0804223F001039360C0
S1132D004FF0804300221A6400BFBD465DF8047B87
S1132D107047000080B485B000AF7860174BFB604B
S1132D2002E0FB68013BFB604FF08043DB6903F08A
S1132D300103002B02D0FB68002BF2D1FB68002BAF
S1132D4002D16FF0020312E04FF080427B681361FE
S1132D504FF080430122DA604FF08043DB6903F0D7
S1132D600403002B02D04FF0FF3300E00023184689
S1132D701437BD465DF8047B704700BF8096980009
S1132D8080B487B000AF786039600023BB73002340
S1132D90FB733B68002B3AD000233B6133E0BB7BE1
S1132DA083F00103DBB2002B0DD07B681A1D7A601F
S1132DB04FF080421B6893613B6901333B614FF0E4
S1132DC080430822DA60164B7B6102E07B69013B99
S1132DD07B614FF08043DB6903F00103002B02D0D9
S1132DE07B69002BF2D17B69002B02D1FD23FB739D
S1132DF00DE04FF08043DB6903F00203002B02D0A7
S1132E00FE23FB7303E03A693B689A42C7D397F900
S1132E100F3018461C37BD465DF8047B704700BF71
S1132E208096980080B58AB000AFF860B9607A6087
S1132E300023FB764FF080431B6C9BB2002B14BF26
S1132E4001230023BB764FF0804341F671321A64AC
S1132E503A4B5B68394B5B684FF080439B684FF09B
S1132E60804243F0010393607B689B087B610023ED
S1132E707B62BB68FB6145E07B6A9B00FA68134494
S1132E801846FFF747FF0346FB7697F91B30002BE4
S1132E9011D04FF080439B684FF0804223F0010330
S1132EA09360BB7E002B03D04FF0804300221A6452
S1132EB097F91B303DE07B6A9B00FA681344C3F327
S1132EC00B03C3F580539B083B627A697B6AD31A70
S1132ED03A6A9A4203D97A697B6AD31A3B62396A9D
S1132EE0F869FFF74DFF0346FB7697F91B30002B7B
S1132EF00DD17A6A3B6A13447B623B6A9B00FA6990
S1132F001344FB617A6A7B699A42B5D300E000BF3F
S1132F104FF080439B684FF0804223F0010393609D
S1132F20BB7E002B03D04FF0804300221A6497F934
S1132F301B3018462837BD4680BD00BF00300E4008
S1132F4080B485B000AF7860494BFB604FF080439C
S1132F501B6C9BB2002B14BF01230023FB724FF0A8
S1132F60804341F671321A64424B5B68414B5B68A3
S1132F704FF080439B684FF0804243F0010393601D
S1132F804FF080427B6813614FF080430122DA6086
S1132F904FF08043DB6903F00403002B11D04FF0A2
S1132FA080439B684FF0804223F001039360FB7AD7
S1132FB0002B03D04FF0804300221A644FF0FF33FC
S1132FC04FE04FF080430222DA6002E0FB68013BED
S1132FD0FB604FF08043DB6903F00103002B02D058
S1132FE0FB68002BF2D14FF08043DB6903F002034E
S1132FF0002B11D04FF080439B684FF0804223F0A8
S113300001039360FB7A002B03D04FF0804300222E
S11330101A646FF0010324E0FB68002B11D14FF018
S113302080439B684FF0804223F001039360FB7A56
S1133030002B03D04FF0804300221A646FF0020388
S11330400FE04FF080439B684FF0804223F0010370
S11330509360FB7A002B03D04FF0804300221A6464
S1133060002318461437BD465DF8047B704700BF43
S11330708096980000300E4080B584B000AFF860B0
S1133080B9607A607A68B968F868FFF7CBFE0346DE
S113309018461037BD4680BD80B487B000AFF860D5
S11330A0B9607A60FB6803F10473DA00BB68134407
S11330B09B007B617B697A681A6000BF1C37BD4640
S11330C05DF8047B7047000080B582B000AF034612
S11330D0FB71FB791A4600210348FFF7DDFF00BFAF
S11330E00837BD4680BD00BF0020064080B483B0D1
S11330F000AF78607B681B78002B01D0012200E0D0
S113310000227B685B78002B01D0042300E00023BD
S113311013437A689278002A01D0102200E000223A
S113312013437A68D278002A01D0202200E00022DA
S11331301A437B681B791B021A437B685B791B0368
S11331401A437B689B799B0313437A68D279002ADC
S113315002D04FF4004200E000221A437B681B7A3D
S11331601B0413437A68527A002A02D04FF40032C7
S113317000E00022044913430B6000BF0C37BD4636
S11331805DF8047B704700BF0020064080B483B024
S113319000AF78607B681B4A934227D07B681A4A49
S11331A0934223D07B68194A93421FD07B68184A04
S11331B093421BD07B68174A934217D07B68164A08
S11331C0934213D07B68154A93420FD07B68144A0C
S11331D093420BD07B68134A934207D07B68124A10
S11331E0934203D07B68114A934201D1012300E04A
S11331F0002303F00103DBB218460C37BD465DF82B
S1133200047B704700800140008401400088014035
S1133210008C01400090014000940140009801405E
S113322000A0014000A4014000A8014000AC0140FE
S113323080B584B000AF786039607868FFF7A6FF86
S11332400023FB603B681B7883F00103DBB2002B97
S113325002D07B6802225A607B6800225A623B6873
S11332609B781A063B68DB781B041A433B689B79FE
S11332709B021A433B68DB791B0213433A68127AB8
S113328013433A685278002A01D0402200E0002219
S113329013433A68527A002A01D0802200E00022C7
S11332A013433A68927A002A01D0202200E00022D7
S11332B013433A68D27A002A01D0102200E0002297
S11332C013433A68127B002A01D0082200E000224E
S11332D01343FB603B681B79002B02D04FF4005270
S11332E000E000223B685B79002B02D04FF0805352
S11332F000E000231343FA681343FB607B68FA6819
S11333001A603B681B78002B02D07B6801225A604C
S113331000BF1037BD4680BD80B483B000AF034604
S1133320FB7197F90730002B0BDBFB7903F01F02CD
S1133330074997F907305B09012000FA02F241F8C6
S1133340232000BF0C37BD465DF8047B704700BFE7
S113335000E100E080B485B000AF786039607B683C
S113336003F10473DA003B6813449B00FB60FB68C1
S11333701B6818461437BD465DF8047B704700008F
S113338080B483B000AF7860044A7B68C2F8243408
S113339000BF0C37BD465DF8047B704700800840D1
S11333A080B483B000AF7860074BD3F828247B68DF
S11333B0DB4305491340C1F8283400BF0C37BD4630
S11333C05DF8047B704700BF0080084080B483B080
S11333D000AF7860064BD3F8282405497B68134373
S11333E0C1F8283400BF0C37BD465DF8047B704734
S11333F00080084080B400AF034BD3F81C34184657
S1133400BD465DF8047B70470080084080B582B0FB
S113341000AF03463960FB71FB79002B16D0FB79B2
S1133420012B13D0FB79022B10D0FB79032B0DD089
S1133430FB79042B0AD0FB79052B07D0FB79062BEB
S113344004D0FB79072B01D0FB79082BFA791346BA
S11334505B0013441B011C3303F1804303F5082371
S113346039681846FFF776FF034618460837BD4605
S113347080BD80B483B000AF78607B685B6A184617
S11334800C37BD465DF8047B7047000080B500AF83
S113349001210D48FDF740F90023032200210020FB
S11334A0FEF734FD0023032203210020FEF72EFD46
S11334B00023032204210020FEF728FD0320FFF748
S11334C02BFF00BF80BD00BF00550A0080B500AFD0
S11334D000210020FFF79AFF0346184680BD80B5FF
S11334E000AF03210020FFF791FF0346DBB218462B
S11334F080BD80B500AF04210020FFF787FF03469D
S1133500DBB2184680BD000080B582B000AFFFF783
S113351071FF78607868FFF733FF7B6803F001037D
S1133520002B35D01C4B1B78002B0CD01B48FFF70D
S1133530A0FF02461A4B1A60174B00221A70194B4F
S113354001221A8005E0174B1B8801339AB2154BF0
S11335501A80154B1B78002B18D01048FFF789FFF1
S11335600246124B1A60114B1A680D4B1B68D31A92
S11335700C4A1288B3FBF2F30D4A13600A4B002283
S11335801A700B4B1B68184603F0EEFD01F064FF44
S113359000BF0837BD4680BD9D00002000A001404B
S11335A0A0000020A80000209E000020A40000200D
S11335B0AC00002080B500AF0120FFF7E1FE012040
S11335C0FFF704FF00BF80BD80B500AF0120FFF707
S11335D0E7FE00BF80BD000080B400AF034B0022B3
S11335E01A7000BFBD465DF8047B7047F8000020E8
S11335F080B400AF034B1B781846BD465DF8047BCE
S1133600704700BFF800002080B483B000AF0346C9
S1133610FB71044AFB79137000BF0C37BD465DF89B
S1133620047B7047F800002080B500AF1F4B1B7867
S1133630032B39D801A252F823F000BF4D36000005
S1133640653600007736000089360000FFF751FF29
S11336500346012B21D1154B01221A70144803F0A3
S113366039FF1AE0FFF745FF0346002B17D10F4B34
S113367000221A7013E0FFF73CFF0346002B10D121
S11336800A4B03221A700CE0FFF733FF0346012BA9
S113369009D1064B02221A7005E000BF04E000BF06
S11336A002E000BF00E000BF00BF80BDF8000020C2
S11336B0248E000080B400AF034B00221A7000BFB8
S11336C0BD465DF8047B7047F900002080B400AF6C
S11336D0034B1B781846BD465DF8047B704700BF5A
S11336E0F900002080B483B000AF0346FB71044AA4
S11336F0FB79137000BF0C37BD465DF8047B70473F
S1133700F900002080B500AF264B1B78032B46D868
S113371001A252F823F000BF293700005B370000F4
S11337206D3700007F370000FFF7D9FE0346012BF9
S11337302ED11D4B1B780133DAB21B4B1A701A4B76
S11337401B78EF2B24D9174B01221A70164B002239
S11337501A70164803F0BEFE1AE0FFF7C0FE0346D7
S1133760002B17D10F4B00221A7013E0FFF7B7FE9E
S11337700346002B10D10B4B03221A700CE0FFF709
S1133780AEFE0346012B09D1064B02221A7005E056
S113379000BF04E000BF02E000BF00E000BF00BFC4
S11337A080BD00BFF9000020B00000203C8E000066
S11337B080B582B000AF0346FB71FB79032B1BD8A5
S11337C001A252F823F000BFD9370000E13700000E
S11337D0E9370000F1370000094803F07BFE0BE0F5
S11337E0084803F077FE07E0074803F073FE03E0A0
S11337F0064803F06FFE00BF00BF0837BD4680BD1A
S1133800548E0000688E0000748E0000808E0000CC
S113381080B485B000AF786039607B6803F1C06321
S1133820FB60FB683A681A6000BF1437BD465DF858
S1133830047B704780B485B000AF786039607B68E2
S113384003F18063FB60FB683A681A6000BF1437B9
S1133850BD465DF8047B704780B582B000AF034677
S11338603960FB71FB79002B16D0FB79012B13D047
S1133870FB79022B10D0FB79032B0DD0FB79042BA1
S11338800AD0FB79052B07D0FB79062B04D0FB79F2
S1133890072B01D0FB79082BFA7913465B001344FC
S11338A01B010C3303F1804303F5082301213A681B
S11338B001FA02F211461846FFF7BCFF00BF0837B1
S11338C0BD4680BD80B582B000AF03463960FB7150
S11338D0FB79002B16D0FB79012B13D0FB79022B3B
S11338E010D0FB79032B0DD0FB79042B0AD0FB7984
S11338F0052B07D0FB79062B04D0FB79072B01D0CD
S1133900FB79082BFA7913465B0013441B010C3333
S113391003F1804303F5082301213A6801FA02F216
S113392011461846FFF774FF00BF0837BD4680BD37
S113393080B483B000AF03463960FB71FB79002B80
S113394016D0FB79012B13D0FB79022B10D0FB7915
S1133950032B0DD0FB79042B0AD0FB79052B07D060
S1133960FB79062B04D0FB79072B01D0FB79082BBC
S113397001223B6802FA03F30749FA791846134611
S11339805B0013441B010B441833186000BF0C3751
S1133990BD465DF8047B70470080084080B500AFE9
S11339A001211448FCF7B8FE00230422082100205A
S11339B0FEF7ACFA0023042205210320FEF7A6FA41
S11339C00023042206210320FEF7A0FA0023042288
S11339D008210320FEF79AFA00230422022103207F
S11339E0FEF794FA0023042203210320FEF78EFA43
S11339F000BF80BD00550A0080B500AF082100203B
S1133A00FFF760FF00BF80BD80B500AF0821002034
S1133A10FFF722FF00BF80BD80B500AF0821002062
S1133A20FFF786FF00BF80BD80B500AF05210320EE
S1133A30FFF748FF00BF80BD80B500AF052103201C
S1133A40FFF70AFF00BF80BD80B500AF052103204A
S1133A50FFF76EFF00BF80BD80B500AF06210320D5
S1133A60FFF730FF00BF80BD80B500AF0621032003
S1133A70FFF7F2FE00BF80BD80B500AF0621032032
S1133A80FFF756FF00BF80BD80B500AF08210320BB
S1133A90FFF718FF00BF80BD80B500AF08210320E9
S1133AA0FFF7DAFE00BF80BD80B500AF0821032018
S1133AB0FFF73EFF00BF80BD80B500AF02210320A9
S1133AC0FFF700FF00BF80BD80B500AF02210320D7
S1133AD0FFF7C2FE00BF80BD80B500AF0221032006
S1133AE0FFF726FF00BF80BD80B500AF0321032090
S1133AF0FFF7E8FE00BF80BD80B500AF03210320BF
S1133B00FFF7AAFE00BF80BD80B500AF03210320EC
S1133B10FFF70EFF00BF80BDB0B586B000AF6B46A7
S1133B201D468F233B613B6908337B617B6903F04E
S1133B300303002B04D07B6923F0030304337B616C
S1133B4078690346013BFB6001464FF000024FF0E9
S1133B5000034FF00004D40044EA5174CB00014642
S1133B604FF000024FF000034FF00004D40044EA89
S1133B705174CB00C31DDB08DB00ADEB030D6B46BA
S1133B800033BB60BB687A69FF21184604F023FA4E
S1133B90BB681F4A1A60BB6804333A691A60BB6881
S1133BA008338F221B49184604F00AFAFFF784F8F9
S1133BB04FF07E60FFF7C4F90346FB7197F90730B5
S1133BC0002B06D0FFF792F8134803F083FC01237F
S1133BD019E0BB687A6919464FF07E60FFF74CFA2A
S1133BE00346FB7197F90730002B06D0FFF77EF8E8
S1133BF00A4803F06FFC022305E0FFF777F8084852
S1133C0003F068FC0023AD4618461837BD46B0BD26
S1133C1000494354FC0000208C8E0000A48E000058
S1133C20BC8E000080B582B000AF4FF07E637B6035
S1133C307B681B68104A934204D0104803F04AFC86
S1133C40012315E07B685B683B603B688F2B04D0E5
S1133C500B4803F03FFC02230AE07B6808338F2201
S1133C601946084804F0ACF9074803F033FC002374
S1133C7018460837BD4680BD00494354D88E00001D
S1133C80F08E0000FC000020188F000080B483B088
S1133C9000AF654B0F221A70634B03225A70624BBC
S1133CA001229A70604B0222DA705F4B0A221A7169
S1133CB05D4B0B225A715C4B0C229A715A4B0122B8
S1133CC0DA710023FB7107E0FB79574A13440022A1
S1133CD01A72FB790133FB71FB790E2BF4D90023A3
S1133CE0FB713EE0FA79504913465B0013445B00D4
S1133CF00B44173300221A70FA794B4913465B00C0
S1133D0013445B000B44183300221A70FA794649B5
S1133D1013465B0013445B000B44193300221A70F2
S1133D20FA79414913465B0013445B000B441A3390
S1133D3000221A70FA793C4913465B0013445B0075
S1133D400B441B3300221A70FA79374913465B007F
S1133D5013445B000B441C3300221A70FB790133BB
S1133D60FB71FB79132BBDD92F4B03229A752E4B74
S1133D700F22DA752C4BFF221A762B4BFF225A7630
S1133D80294B04229A76284B0222DA76264B022209
S1133D901A77254B0F225A77234BFF229A77224B0F
S1133DA00222DA77204B082283F820201E4B0222BD
S1133DB083F821201C4B022283F822201A4B0F2265
S1133DC083F82320184B0F2283F82420164BFF225C
S1133DD083F82520144B022283F82620124B092253
S1133DE083F82720104B022283F828200E4B0F2241
S1133DF083F829200C4B002283F82A200A4B022244
S1133E0083F82B20084B042283F82C20064B042231
S1133E1083F82D20044B022283F82E2000BF0C3798
S1133E20BD465DF8047B7047FC00002080B483B07D
S1133E3000AF0023FB7107E0FB79084A134400221A
S1133E401A72FB790133FB71FB790E2BF4D900BF95
S1133E500C37BD465DF8047B704700BFFC000020B2
S1133E6080B483B000AF0023FB713EE0FA792349AC
S1133E7013465B0013445B000B44173300221A7093
S1133E80FA791E4913465B0013445B000B44183354
S1133E9000221A70FA79194913465B0013445B0037
S1133EA00B44193300221A70FA79144913465B0043
S1133EB013445B000B441A3300221A70FA790F4939
S1133EC013465B0013445B000B441B3300221A703F
S1133ED0FA790A4913465B0013445B000B441C3314
S1133EE000221A70FB790133FB71FB79132BBDD9C6
S1133EF000BF0C37BD465DF8047B7047FC00002012
S1133F0080B5C0B000AF00237B6007F10803F62240
S1133F100021184604F05FF8C44803F0DBFAC448F3
S1133F2003F0D8FAC34803F0D5FAC34803F0D2FA31
S1133F30C24803F0CFFAC24B1B781A463B1DC14955
S1133F40184604F051F83B1D184603F0C3FABC4B65
S1133F505B781A463B1DBC49184604F045F83B1DE6
S1133F60184603F0B7FAB64B9B781A463B1DB7497F
S1133F70184604F039F83B1D184603F0ABFAB04B71
S1133F80DB781A463B1DB249184604F02DF83B1D58
S1133F90184603F09FFAAA4B1B791A463B1DAD49FC
S1133FA0184604F021F83B1D184603F093FAA44B7D
S1133FB05B791A463B1DA849184604F015F83B1DC9
S1133FC0184603F087FA9E4B9B791A463B1DA3497A
S1133FD0184604F009F83B1D184603F07BFA984B89
S1133FE0DB791A463B1D9E49184603F0FDFF3B1D35
S1133FF0184603F06FFA9B4803F06CFA002387F825
S1134000FF3010E097F8FF305A1C3B1D96491846C4
S113401003F0EAFF3B1D184603F05CFA97F8FF3003
S1134020013387F8FF3097F8FF300E2BEAD98F4819
S113403003F050FA002387F8FF301EE097F8FF30B2
S11340407F4A13441B7A002B0FD097F8FF307C4A29
S113405013441B7A1A463B1D8349184603F0C4FFD8
S11340603B1D184603F036FA02E0814803F032FAA9
S113407097F8FF30013387F8FF3097F8FF300E2BA5
S1134080DCD97C4803F026FA7B4803F023FA0023AA
S113409087F8FF30002387F8FF30A9E097F8FF2066
S11340A0674913465B0013445B000B4417331B78CA
S11340B0002B00F0988097F8FF20614913465B00BD
S11340C013445B000B4417331B781A463B1D6B49A2
S11340D0184603F089FF3B1D184603F0FBF997F8D7
S11340E0FF20574913465B0013445B000B4418330D
S11340F01B78FF2B03D1624803F0ECF913E097F827
S1134100FF204F4913465B0013445B000B441833F4
S11341101B781A463B1D5B49184603F065FF3B1D9F
S1134120184603F0D7F997F8FF20454913465B007A
S113413013445B000B4419331B78FF2B03D1504805
S113414003F0C8F913E097F8FF203D4913465B00DC
S113415013445B000B4419331B781A463B1D494931
S1134160184603F041FF3B1D184603F0B3F997F8D6
S1134170FF20334913465B0013445B000B441A339E
S11341801B781A463B1D4049184603F02DFF3B1D82
S1134190184603F09FF997F8FF20294913465B005E
S11341A013445B000B441B331B781A463B1D3549F3
S11341B0184603F019FF3B1D184603F08BF997F8D6
S11341C0FF201F4913465B0013445B000B441C3360
S11341D01B781A463B1D2D49184603F005FF3B1D6D
S11341E0184603F077F997F8FF30013387F8FF306A
S11341F097F8FF30132B7FF651AF104803F06AF99C
S1134200234B1A683B1D2349184603F0EDFE3B1D62
S1134210184603F05FF902F02DFE084803F05AF93E
S113422000BF07F58077BD4680BD00BF348F000016
S11342306C8F0000788F00007C8F0000988F000046
S1134240FC000020CC8F0000E08F0000F08F000005
S113425000900000109000002090000030900000BA
S11342604090000050900000889000009090000062
S1134270989000009C900000D0900000F8900000FE
S1134280049100000C9100001491000020910000A2
S1134290900100202C91000090B48AB000AF034636
S11342A0FB710B46BB7113467B715D4B07F1080430
S11342B00FCB84E80F0000237B6259E059497A6AE6
S11342C013465B0013445B000B4417331B78FA79E5
S11342D09A424AD153497A6A13465B0013445B00FD
S11342E00B4418331B78FB764E497A6A13465B00FD
S11342F013445B000B4419331B78BB76FB7EFF2B06
S113430009D1BB7EFF2B06D1BB68B3F1FF3F2CD193
S11343107B6ABB6029E0FB7EFF2B0AD1BA7E7B79E6
S11343209A4206D1FB68B3F1FF3F1ED17B6AFB6062
S11343301BE0FA7EBB799A4209D1BB7EFF2B06D1E2
S11343403B69B3F1FF3F10D17B6A3B610DE0FA7E1C
S1134350BB799A4209D1BA7E7B799A4205D17B69AD
S1134360B3F1FF3F01D17B6A7B617B6A01337B62DE
S11343707B6A132BA2DD4FF0FF333B620323FB6107
S113438015E0FB699B0007F12802134453F8203C15
S1134390B3F1FF3F08D0FB699B0007F128021344E7
S11343A053F8203C3B6205E0FB69013BFB61FB6980
S11343B0002BE6DA3B6AB3F1FF3F0AD11A4B002225
S11343C01A70194B00225A70174B00229A7001235D
S11343D021E014493A6A13465B0013445B000B4422
S11343E01A331A78104B1A700E493A6A13465B0056
S11343F013445B000B441B331A780B4B5A70094966
S11344003A6A13465B0013445B000B441C331A786E
S1134410054B9A70002318462837BD4690BC704758
S113442040910000FC0000208C01002080B400AF0B
S1134430BFF34F8F054BDB6803F4E0620349044B81
S11344401343CB60BFF34F8F00BFFDE700ED00E0E7
S11344500400FA0580B500AFFFF7E8FF00BF80BD98
S113446080B483B000AF0023FB7106E0FB79084AF7
S11344700021D154FB790133FB7197F90730002BEC
S1134480F4DA00BF0C37BD465DF8047B704700BF0B
S11344909401002090B5CFB002AF314802F034FF50
S11344A0304B1B7819462F4B1B78013B2D4A134484
S11344B01B7A1C462B4B1B791A462A4B5B793846D0
S11344C00193009223460A46274903F08DFD3B469B
S11344D0184602F019FF234B9B791A46214B5B784F
S11344E03846224903F080FD3B46184602F00CFF93
S11344F01C4B9B781A461B4BDB7838461C4903F04F
S113450073FD3B46184602F0FFFE1A4802F0FCFE1B
S1134510194802F0F9FE002387F82F3113E097F8C9
S11345202F31104A13441B7A1A463B461349184646
S113453003F05AFD3B46184602F0E6FE97F82F3189
S1134540013387F82F3197F82F310E2BE7D90C4818
S113455002F0DAFE00BF07F59A77BD4690BD00BFB2
S113456050910000FC000020649100007C91000048
S113457090910000A4910000AC9100001092000002
S113458018920000F0B5D1B004AF3A4802F0BCFE76
S1134590002387F82F315FE097F82F21364913461F
S11345A05B0013445B000B4417331B78002B58D07B
S11345B097F82F21304913465B0013445B000B44EA
S11345C017331B789C4697F82F212B4913465B0021
S11345D013445B000B4418331B789E4697F82F2135
S11345E0254913465B0013445B000B4419331B78C5
S11345F01C4697F82F21204913465B0013445B00A7
S11346000B441A331B781D4697F82F211A49134679
S11346105B0013445B000B441B331B781E4697F866
S11346202F21154913465B0013445B000B441C33D4
S11346301B783846039302960195009473466246AC
S11346400E4903F0D1FC3B46184602F05DFE97F894
S11346502F31013387F82F3197F82F31132B9BD942
S113466000E000BF064802F04FFE00BF07F59A774E
S1134670BD46F0BD3C930000FC00002040930000C8
S11346806093000080B5CCB000AF134802F022FF65
S1134690002387F82F3112E097F82F310F4AD35CAB
S11346A01A463B460E49184603F09EFC3B46184604
S11346B002F010FF97F82F31013387F82F3197F963
S11346C02F31002BE8DA074802F004FF00BF07F59A
S11346D09877BD4680BD00BF64930000940100201C
S11346E0109200007093000080B582B000AF244B9C
S11346F01B78332B3FD1224B5B78CC2B3BD1214809
S113470002F0E8FE1E4B1A791F4B1A701C4B9A7963
S11347101D4B1A711A4BDA791B4B5A71184B5A7A82
S1134720194B9A71164B9A7A174B5A70144B1A7B81
S1134730154B9A70124B5A7B134BDA70104B1A7C40
S1134740114BDA71FFF772FB0023FB710CE0FB796C
S113475003F12902FB790A49895C0B4A13440A468E
S11347601A72FB790133FB71FB790E2BEFD90748E1
S113477002F0B0FE00E000BF0837BD4680BD00BFB8
S11347809401002074930000FC000020709300004A
S113479080B5CEB000AF0246FB1D1A70FB1D1B781E
S11347A0002B00F0A380FB1D1B78142B00F29E80CD
S11347B0514802F08FFEFB1D1A7807F108034F4998
S11347C0184603F011FC07F10803184602F082FEB4
S11347D0FFF746FB002387F837317CE097F8372151
S11347E013465B0013445B00194697F83721444B8A
S11347F0585C444913465B0013445B000B44173375
S113480002461A7097F8372113465B0013445B0085
S1134810013397F837213A49C85C3A4913465B009B
S113482013445B000B44183302461A7097F837217F
S113483013465B0013445B00023397F83721304979
S1134840C85C304913465B0013445B000B441933C6
S113485002461A7097F8372113465B0013445B0035
S1134860033397F837212649C85C264913465B0071
S113487013445B000B441A3302461A7097F837212D
S113488013465B0013445B00043397F837211C493B
S1134890C85C1C4913465B0013445B000B441B3388
S11348A002461A7097F8372113465B0013445B00E5
S11348B0053397F837211249C85C124913465B0047
S11348C013445B000B441C3302461A7097F83731CB
S11348D0013387F83731FB1D97F837211B789A424B
S11348E0FFF47CAF084802F0F5FD00E000BF07F5D7
S11348F09C77BD4680BD00BF889300009C93000058
S113490094010020FC000020A493000080B5B8B0FE
S113491000AF0346FB71C54A07F10C0392E803009C
S1134920186004331980C24B1B780C2B00F2E78209
S113493001A252F823F000BF6D4900007D49000038
S1134940634D0000854D0000C94D0000734E00000A
S1134950A74E0000C54B0000E14B0000F14B0000E6
S1134960014C0000114C0000794C0000FB793F2BF6
S113497040F0C982AE4B01221A70C4E2FB79303B8D
S1134980202B00F2178101A252F823F0114A0000F3
S1134990B54B00001F4A0000B94A0000CD4A000090
S11349A0B54B00007D4B0000B54B0000B54B00003B
S11349B0B54B0000B54B0000B54B0000B54B0000F3
S11349C0B54B0000B54B0000B54B0000B54B0000E3
S11349D0B54B0000B54B0000B54B0000B54B0000D3
S11349E0B54B0000B54B0000B54B0000B54B0000C3
S11349F0B54B0000B54B0000B54B0000B54B0000B3
S1134A00B54B0000B54B0000B54B0000AD4B0000AA
S1134A10884802F079FC864B00221A70D1E0864B5C
S1134A201B78052B00F2CA8001A252F823F000BFC4
S1134A30494A0000514A0000594A0000614A0000F6
S1134A40694A0000934A00007C4802F05DFC32E0B1
S1134A507A4802F059FC2EE0794802F055FC2AE02D
S1134A60774802F051FC26E0764802F04DFC764B84
S1134A7093F8893219467548FDF7F2FA724B93F8A8
S1134A808D3219467148FDF7EBFA6B4B05221A700B
S1134A9011E06C4802F038FC6B4B93F889321946EC
S1134AA06A48FDF7DDFA684B93F88D32194667487A
S1134AB0FDF7D6FA00BF81E0654802F025FC5E4BA5
S1134AC001221A705A4B07221A707AE05A4B1B784B
S1134AD0052B75D15C4B93F884321A4607F1140305
S1134AE05C49184603F080FA07F11403184602F0F3
S1134AF00BFC002387F8DF3029E0002387F8DE3041
S1134B0019E097F8DF30504A52F8232097F8DE3046
S1134B104FF0004121FA03F31340002B03D14E4818
S1134B2002F0F2FB02E04D4802F0EEFB97F8DE30B3
S1134B30013387F8DE3097F8DE30142BE1D948488A
S1134B4002F0E2FB97F8DF30013387F8DF303E4BA9
S1134B5093F8803297F8DF209A42CED33A4B93F8F9
S1134B6080321A4607F114033E49184603F03CFA12
S1134B7007F11403184602F0C7FB21E03A4B1B78F7
S1134B801946394B1B78013B374A13441B7A07F10A
S1134B9014000A46354903F027FA07F114031846AE
S1134BA002F0B2FB224B00221A700AE0204B0222D0
S1134BB01A7006E01E4B00221A7002E000BFA7E143
S1134BC000BFA5E1204AFB7982F88432FB791B01FE
S1134BD0DAB21D4B83F88022154B08221A7097E134
S1134BE0194AFB7982F88932114B09221A708FE134
S1134BF0154AFB7982F881320D4B0A221A7087E13B
S1134C00114AFB7982F88632094B0B221A707FE134
S1134C100D4AFB7982F88B32154B00221A60154B32
S1134C2000221A60024B0C221A7071E12C950000CC
S1134C30B4000020AC930000E0000020B09300001A
S1134C40BC930000C4930000140200200040014003
S1134C50C8930000D0930000DC930000E0930000B0
S1134C60E4930000E8930000FC000020F0930000AF
S1134C70B8000020BC000020FB79452B2AD1A64BAC
S1134C8093F884321A464FF4A87303FB02F31A46CE
S1134C90A24B1B689A4209D1A14802F035FBA148F6
S1134CA002F018FCA04B02221A700FE09F4802F099
S1134CB02BFB9A4B1A6807F114039D49184603F01D
S1134CC093F907F11403184602F004FC994B0022EF
S1134CD01A7039E0914B1B680133904A1360964B6C
S1134CE01B685B00944A1360FB79312B04D1924B0F
S1134CF01B680133904A1360884B19688F4BA3FBE0
S1134D000123CA1A520813441A0913465B001344B8
S1134D10DA00D21A8A1A002A16D1874B1B68DB02E2
S1134D20854A13607D4B1A68844BA3FB0213D21A85
S1134D30520813441B09013B7F4A1268764941F823
S1134D4023207D4B00221A60744B1B68B3F5526F0D
S1134D5040F2DB807A4802F0BDFB764B00221A70E9
S1134D60D3E0FB79432B09D1764802F0CDFA714B9D
S1134D7003221A70694B00221A60C9E06D4B0022AD
S1134D801A70C5E0654B1B6807F1E002134413F881
S1134D90D43CFA799A4210D1604B1B6801335F4AC4
S1134DA013605E4B1B68052B40F0B180664802F02F
S1134DB0ABFA604B04221A70A9E05C4802F0A4FA32
S1134DC05C4B00221A70A2E0FB79652B0DD0652B99
S1134DD004DC212B2DD03F2B34D037E0792B1CD091
S1134DE07A2B0ED0702B06D030E0FFF753FB514BDB
S1134DF004221A7039E0FFF7C5FB4E4B04221A70E7
S1134E0033E0524802F080FA444B00221A60FFF764
S1134E1027FB484B05221A7027E04D4802F074FA2C
S1134E203E4B00221A60FFF71BFB424B06221A700E
S1134E301BE0484802F068FA3E4B00221A70FFF764
S1134E4009FB12E03B4B01221A700EE0424802F0CB
S1134E505BFAFB7919464148FDF702F9404802F034
S1134E6053FA404802F050FA00BF3F4802F04CFAAF
S1134E704EE02A4B1B687F2B0AD8284B1B683B4902
S1134E80FA79CA54254B1B680133244A13603FE066
S1134E90FFF7F8FBFFF728FC334802F035FA254BFF
S1134EA004221A7034E0FB79802B03D01B4B1B685F
S1134EB07A2B19D9194B1B682C49FA79CA542C48F6
S1134EC002F022FAFFF7DEFB144B1B68294AA2FB0F
S1134ED003239B08DBB21846FFF75AFCFEF71CFEBF
S1134EE0144B04221A7013E00C4B1B681F49FA7907
S1134EF0CA540A4B1B680133084A136008E00D4B7F
S1134F0000221A7004E000BF02E000BF00E000BF0E
S1134F1000BFE037BD4680BD14020020B800002069
S1134F20F8930000FC930000E00000201C940000B3
S1134F3024940000B4000020BC000020876118867F
S1134F405C9400008C940000B8940000C0940000AD
S1134F50C4940000E8940000F09400000040014074
S1134F60F4940000F89400000895000094010020D7
S1134F7010950000ABAAAAAA80B483B000AF7860F1
S1134F807B680D4A93420BD07B680C4A934207D04E
S1134F907B680B4A934203D07B680A4A934202D14E
S1134FA04FF0FF3301E04FF6FF7318460C37BD4650
S1134FB05DF8047B704700BF00A0014000A40140DD
S1134FC000A8014000AC014080B582B000AF786019
S1134FD039607868FFF7D0FF7B683A685A6200BF8F
S1134FE00837BD4680BD80B485B000AF78603960B5
S1134FF07B6803F1C063FB60FB683A681A6000BF1A
S11350001437BD465DF8047B704780B485B000AFAB
S1135010786039607B6803F18063FB60FB683A6801
S11350201A6000BF1437BD465DF8047B704700006A
S113503080B483B000AF7860044A7B68C2F824343B
S113504000BF0C37BD465DF8047B70470080084004
S113505080B582B000AF03463960FB71FB79002B49
S113506016D0FB79012B13D0FB79022B10D0FB79DE
S1135070032B0DD0FB79042B0AD0FB79052B07D029
S1135080FB79062B04D0FB79072B01D0FB79082B85
S1135090FA7913465B0013441B010C3303F180437C
S11350A003F5082301213A6801FA02F21146184671
S11350B0FFF7ABFF00BF0837BD4680BD80B582B0A7
S11350C000AF03463960FB71FB79002B16D0FB79E6
S11350D0012B13D0FB79022B10D0FB79032B0DD0BD
S11350E0FB79042B0AD0FB79052B07D0FB79062B1F
S11350F004D0FB79072B01D0FB79082BFA791346EE
S11351005B0013441B010C3303F1804303F50823B4
S113511001213A6801FA02F211461846FFF763FFCB
S113512000BF0837BD4680BD80B483B000AF0346DE
S11351303960FB71FB79002B16D0FB79012B13D05E
S1135140FB79022B10D0FB79032B0DD0FB79042BB8
S11351500AD0FB79052B07D0FB79062B04D0FB7909
S1135160072B01D0FB79082B01223B6802FA03F3D9
S11351700749FA79184613465B0013441B010B4494
S11351801833186000BF0C37BD465DF8047B7047C8
S11351900080084080B485B000AF78600B46FB7097
S11351A0FB78002B02D0FB78202B01D900230DE0E3
S11351B0FB78013BFB73FB7B7A6822FA03F303F071
S11351C00103002B01D0012300E00023184614370B
S11351D0BD465DF8047B704780B487B000AF78604B
S11351E07B6823F001037B61124BFB6000233B616E
S11351F013E03B69C3F11F037A6922FA03F303F056
S11352000103002B06D0FA683B6922FA03F37A699A
S113521053407B613B6901333B613B69142BE8DDFF
S11352207A6940F2FE73134018461C37BD465DF898
S1135230047B7047000020ED80B485B000AF786037
S11352400023FB600023BB600DE07A68BB6822FA90
S113525003F303F00103002B02D0FB680133FB606E
S1135260BB680133BB60BB681F2BEEDDFB6803F03A
S11352700103002B0CBF01230023DBB218461437B3
S1135280BD465DF8047B704780B584B000AF78609C
S113529039603B6800221A707868FFF79DFF034667
S11352A0002B07D17868FFF7C7FF0346002B01D016
S11352B07B6821E00023FB601AE00122FB6802FA0C
S11352C003F37A685340BB60B868FFF785FF034671
S11352D0002B0AD1B868FFF7AFFF0346002B04D0B8
S11352E03B6801221A70BB6806E0FB680133FB606F
S11352F0FB681F2BE1DD7B6818461037BD4680BD77
S113530080B48DB000AF78607B68002B63D040F22E
S113531069737B610023FB6255E07B68FA6A53F88A
S113532022303B613B692F4A934248D03B69DB0AF8
S1135330FB60FB689B02BB6214237B6211E07B6A07
S11353400A3301229A40BB6A1340002B06D07A69C3
S11353507B6A02FA03F3BA6A5340BB627B6A013B7D
S11353607B627B6A002BEADAFB68DA02BB6A5900CB
S113537040F2FE730B4013433B623B6AFB61002324
S1135380FB760CE0FB695BB203F001035AB297F9B8
S11353901B3053405BB2FB76FB695B08FB61FB6926
S11353A0002BEFD1FB7E002B03D03B6A43F00103BB
S11353B03B627B68FA6A396A43F8221000E000BF56
S11353C0FB6A0133FB627B6893F880321A46FB6AFE
S11353D09342A2DB00E000BF3437BD465DF8047B96
S11353E0704700BF97C1897A80B582B002AF144B71
S11353F000221A70134B002283F88022124B0022E1
S11354001A70124B00221A60114B00221A70114BB1
S113541000221A7001230193012300930123002227
S113542000210020FCF7D8FC0120FFF701FEFEF765
S1135430C1F801F041FE01F069FE00BFBD4680BD28
S1135440C00000203C070020D1000020C400002040
S11354509D0000209E00002080B400AF044BDB6957
S1135460034A5B08536200BFBD465DF8047B704786
S11354700084014080B500AF084B00221A7002215D
S11354800020FFF71BFEFEF7D7FAFEF7EDFAFFF751
S1135490ABFF034B00221A7000BF80BDD100002077
S11354A0C000002080B582B000AF0346FB71FB79D9
S11354B0012B0BD101210020FFF700FE0B4B1B78C1
S11354C0012B0ED10A4802F005F80AE00121002060
S11354D0FFF7BEFD054B1B78012B02D1054801F0F7
S11354E0F9FF00BF0837BD4680BD00BF1000002093
S11354F0349500003895000080B500AF5F4B1B78F1
S1135500032B00F2B98001A252F823F06B5600007D
S11355101D55000065550000B7550000584B1B8809
S11355209BB201339AB2564B1A8001210020FFF737
S1135530FBFD534B1B889BB2B3F5107F40F0978063
S11355404F4B00221A804F4B00221A804B4B0222F1
S11355501A704D4B1B78012B40F089804B4801F0A9
S1135560B9FF84E0464B1B889BB201339AB2444B8B
S11355701A80434B1B889BB2DBB2C3F12103DBB21D
S113558019464348FFF706FE03461846FFF78AFF0D
S11355903B4B1B889BB2202B6BD1394B00221A80CA
S11355A0364B03221A70384B1B78012B61D13748D4
S11355B001F090FF5DE0324B1B889BB201339AB23D
S11355C02F4B1A802F4B1B889BB21A46314B53F832
S11355D022202B4B1B889BB2DBB2C3F12103DBB22D
S11355E019461046FFF7D6FD03461846FFF75AFF43
S11355F0234B1B889BB2202B3DD1214B00221A80C8
S1135600204B1B889BB201339AB21E4B1A801E4B4F
S11356101B78012B02D11D4801F05CFF1D4B93F850
S113562080329AB2174B1B889BB29A4207D8FFF775
S113563021FF194801F04EFF01F01CFC1BE0114B47
S11356401B889BB203F00F039BB2002B13D10C4BAE
S113565000221A80094B02221A700B4B1B78012B73
S113566009D10A4801F036FF05E000BF04E000BF9D
S113567002E000BF00E000BF00BF80BDD1000020F9
S1135680D2000020D4000020100000203C9500002F
S1135690D815D27CA80400204095000080B582B0C3
S11356A000AFFDF713FF0346002B14BF01230023B3
S11356B0DBB2FB717B4B1B685A00FB791343794ABD
S11356C01360794B1B78DBB2052B00F2E88001A252
S11356D052F823F0ED560000315700006B570000DC
S11356E0BD5700009F58000089580000FEF794F948
S11356F06C4B1B68B3F1AA3F05D06A4B1B68B3F12E
S1135700553F40F0C580684B01221A7001F046FDF8
S1135710664B00221A8000216548FFF755FC654B53
S113572000221A80644B01221A70FEF765F9AFE07B
S11357305E4B1B889BB201339AB25C4B1A80594B67
S11357401B68B3F1AA3F00F0A580564B1B68B3F168
S1135750553F00F09F80544B02221A70574B012290
S11357601A70524B00221A8094E04E4B1B68544A24
S113577093420FD14C4B03221A704C4B00221A80D7
S1135780504B01221A70504B002283F88022FDF7FF
S11357901BFF81E0454B1B889BB201339AB2434BFC
S11357A01A80424B1B889BB21F2B75D901F0F6FC63
S11357B0FDF700FF3C4B00221A706DE03B4B1B8849
S11357C09BB201339AB2394B1A803E4B1B78002BA3
S11357D009D1364B1B889BB2012B04D1FDF7EAFE9D
S11357E03A4B00225A62374B1B78002B06D12F4BC1
S11357F01B889BB2022B01D1FDF7E6FE2B4B1B88C5
S11358009BB21F2B4AD9294B00221A802D4B1B789F
S1135810002B0CD1234B1B68294A93421AD0224BEC
S113582004221A7001F0BAFCFDF7C4FE37E0264BDF
S113583093F880329F2B0DD8234B93F880325A1C57
S1135840D1B2214A82F880121946164B1B681E4AAF
S113585042F821301B4B1B780133DAB2194B1A7012
S1135860184B1B78102B02D9164B00221A70164BBA
S113587093F880329F2B11D90B4B04221A7001F03C
S11358808DFCFDF797FE09E0FFF736FE00BF06E04A
S113589000BF04E000BF02E000BF00E000BF083723
S11358A0BD4680BDC4000020C0000020C800002008
S11358B000A00140A80000209D0000209E000020C0
S11358C0D815D27CE10000203C0700200084014070
S11358D080B500AF1C4801F0FDFD1C4B1B78DBB20A
S11358E0052B27D801A252F823F000BF0559000068
S11358F00D590000155900001D59000025590000DC
S11359002D590000124801F0E5FD17E0114801F09F
S1135910E1FD13E0104801F0DDFD0FE00F4801F058
S1135920D9FD0BE00E4801F0D5FD07E00D4801F06C
S1135930D1FD03E00C4801F0CDFD00BF0B4801F0A0
S1135940C9FD00BF80BD00BF54950000C000002009
S1135950609500007095000080950000909500000F
S1135960A0950000B0950000C4950000CC950000FF
S113597080B588B000AF786039607B68DB0AC3F318
S113598013033B610023FB6160E0344B1B685B0045
S1135990324A1360FB69C3F113033A6922FA03F331
S11359A003F00103002B05D02C4B1B6843F00103CB
S11359B02A4A13602A4B1B780133DAB2284B1A7037
S11359C0274B1B78072B3ED10023FB7600237B61FA
S11359D018E001227B6902FA03F31A461F4B1B6885
S11359E01340002B0BD07B69C3F10603012202FA9A
S11359F003F35AB297F91B3013435BB2FB767B690E
S1135A0001337B617B69062BE3DDFB7E1F2B14D9FD
S1135A10FB7E7E2B11D8386802F006FBF860FB6829
S1135A20772B0AD83A68FB681344FA7E1A70FB682D
S1135A3001333A68134400221A70084B00221A609A
S1135A40074B00221A70FB690133FB61FB69132BBE
S1135A509BDD00BF2037BD4680BD00BFCC000020C9
S1135A60D000002080B483B000AF78607B68002B46
S1135A7078D07B689B681B0CDBB203F01F03DAB29F
S1135A807B6883F886227B685B685B0EDBB203F07D
S1135A903F03DAB27B6883F884227B681B681B0EA1
S1135AA0DBB203F00F03DAB27B6883F885227B68EC
S1135AB01B681B0CDBB203F01F03DAB27B6883F8AC
S1135AC087227B689B689B0EDBB203F01F03DAB26C
S1135AD07B6883F888227B681B681B0BDBB203F0AE
S1135AE00F03DAB27B6883F889227B685B681B0C3E
S1135AF0DBB203F01F03DAB27B6883F88A227B6887
S1135B001B685B0DDBB203F00703DAB27B6883F832
S1135B108B227B681B681B0FDBB203F00303DAB232
S1135B207B6883F88C227B689B685B0DDBB203F097
S1135B301F03DAB27B6883F88D227B685B68DB0A1B
S1135B40DBB203F01F03DAB27B6883F88E227B6832
S1135B505B685B0DDBB203F00F03DAB27B6883F89A
S1135B608F2200E000BF0C37BD465DF8047B704710
S1135B7080B487B000AF78607B68002B00F0AD8004
S1135B807B681B687B617B6923F040537B617B6985
S1135B9023F070637B617B6923F460037B617B6921
S1135BA023F4F8137B617B6923F470437B617B6886
S1135BB093F88C321B0703F040537A6913437B61DB
S1135BC07B6893F885321B0603F070637A6913438C
S1135BD07B617B6893F88B325B0503F460037A691D
S1135BE013437B617B6893F887321B0403F4F81337
S1135BF07A6913437B617B6893F889321B039BB2F8
S1135C007A6913437B617B687A691A607B685B6895
S1135C103B613B6923F0FC433B613B6923F0F07338
S1135C203B613B6923F4F8133B613B6923F47843FC
S1135C303B617B6893F884325B0603F0FC433A696A
S1135C4013433B617B6893F88F325B0503F0F07379
S1135C503A6913433B617B6893F88A321B0403F46B
S1135C60F8133A6913433B617B6893F88E32DB0285
S1135C709BB23A6913433B617B683A695A607B681B
S1135C809B68FB60FB6823F0F843FB60FB6823F030
S1135C907873FB60FB6823F4F813FB607B6893F86C
S1135CA088329B0603F0F843FA681343FB607B6871
S1135CB093F88D325B0503F07873FA681343FB6045
S1135CC07B6893F886321B0403F4F813FA681343D1
S1135CD0FB607B68FA689A6000E000BF1C37BD4631
S1135CE05DF8047B704780B584B000AF78607B6852
S1135CF0002B64D07B6893F88832013B002B00DAD8
S1135D0003339B10DBB20333BB737B6893F8883295
S1135D10013B5A4203F0030302F0030258BF53420B
S1135D20C3F10303DBB21A4692001344DBB20B3314
S1135D307B737B6893F89032FB73FDF7D0FB0346CB
S1135D40012B02D1FB7B1033FB73FDF7D2FB03461F
S1135D50012B02D1FB7B0833FB73BA7B7B6853F8BE
S1135D6022107B7B1F2202FA03F3DB43BA7B194028
S1135D707B6843F82210BA7B7B6853F82210FB7BC4
S1135D8003F01F027B7B02FA03F3BA7B19437B689F
S1135D9043F822107B68DB6ADB0D3B733B7B0133EA
S1135DA03B737B68DB6A23F0FF427B68DA627B68C3
S1135DB0DA6A3B7BDB051A437B68DA6200E000BFEA
S1135DC01037BD4680BD000090B5ABB002AFFDF703
S1135DD02BFE01F0B1F9FDF7F7FB854B05221A7094
S1135DE0844B93F88E32002B53D1FDF701FC03460C
S1135DF0012B0FD17F4B93F888227E4B83F88E22A0
S1135E007C4B0C2283F88F220220FDF7FDFB7A489D
S1135E1001F060FBFDF7ECFB0346032B0FD1754B40
S1135E2093F88822734B83F88E22724B042283F8F2
S1135E308F220020FDF7E8FB704801F04BFBFDF7D3
S1135E4045FC0346012B0FD16A4B93F88822694B1A
S1135E5083F88E22674B0B2283F88F220220FDF7F2
S1135E6041FC674801F036FBFDF730FC0346032B89
S1135E700FD1604B93F888225E4B83F88E225D4BE2
S1135E80032283F88F220020FDF72CFC5D4801F0EB
S1135E9021FB5848FFF76CFE564B93F88B32012BCD
S1135EA002D15448FFF71FFF5248FFF729FA56481A
S1135EB001F010FB554801F00DFB4E4B93F88B326B
S1135EC0012B04D0022B0AD0002B04D00BE0504845
S1135ED001F000FB07E04F4801F0FCFA03E04E48F4
S1135EE001F0F8FA00BF434B93F885321946414B51
S1135EF093F888321C463F4B93F887321A463D4B41
S1135F0093F8893238460193009223460A4643495E
S1135F1002F06AF83B46184601F0DCFA354B93F878
S1135F2086321A46334B93F884321946314B93F830
S1135F308A32384600930B46394902F055F83B46FD
S1135F40184601F0C7FA374801F0C4FA294B93F810
S1135F508C32012B0BD0022B05D0002B0BD13248F5
S1135F6001F0B8FA07E0314801F0B4FA03E0304830
S1135F7001F0B0FA00BF1F4B93F88D321A461D4B47
S1135F8093F88E3219461B4B93F88F3238460093A0
S1135F900B46284902F028F83B46184601F09AFAC5
S1135FA0254B1B781A46244B5B781946224B9B7869
S1135FB0384600930B46214902F016F83B46184632
S1135FC001F088FA1E4B01221A701E4B00221A801F
S1135FD001210020FFF73CF802210020FFF738F8E8
S1135FE001F0DCF801F092F800BFA437BD4690BD83
S1135FF0C0000020A8040020D0950000F495000003
S11360001496000038960000589600007096000020
S11360107C960000849600008C9600009896000000
S1136020BC960000DC960000F0960000F896000094
S1136030009700000C9700008C01002038970000A6
S1136040D1000020D200002090B5EFB002AFBA4BCF
S11360501B78DBB2042B40F09B8307F1080318463E
S113606080231A46002101F0B6FFB44B00221A60C7
S1136070B34B00221A70B34801F02CFAB24B012240
S113608083F882220023A7F8AE318BE0B7F8AE3153
S1136090AD4A52F82330C7F88831D7F88831AB4A73
S11360A0934212D1AA4B1B78012B75D1B7F8AE31AC
S11360B05A1C07F18803A749184601F095FF07F118
S11360C08803184601F006FA67E0FB1D00221A70E7
S11360D0FB1D1946D7F88801FFF7D6F8C7F88401E5
S11360E0D7F88401FFF778F80346002B08D1D7F8D6
S11360F08401FFF7A1F80346002B01D0012300E03F
S1136100002387F8833197F8833103F0010387F87C
S1136110833197F88331002B07D0B7F8AE318A4921
S1136120D7F8842141F8232003E0874B002283F829
S11361308222874B1B78012B23D1B7F8AE31591C2F
S1136140B7F8AE31804A52F8234097F88331002BD8
S113615001D0814B00E0814BFA1D1278002A01D056
S11361607F4A00E07F4A07F18800019200932346AA
S11361700A467D4901F038FF07F18803184601F00B
S1136180A9F9B7F8AE31022B07D16F4B93F88222ED
S11361906D4B83F8832200E000BFB7F8AE310133C2
S11361A0A7F8AE31684B93F880329BB2B7F8AE21B2
S11361B09A42FFF46BAF6448FFF754FC624B93F8C8
S11361C08232002B0ED0604B93F884321B015E4A5E
S11361D092F8802293420CBF01230023DAB25A4B77
S11361E083F88222584B93F88232002B05D05F4803
S11361F001F070F9FDF730FC10E05D4801F06AF938
S1136200514B93F88332002B05D05A4801F062F9C0
S1136210FDF722FC02E0584801F05CF94A4B93F880
S11362208B32012B04D0022B0AD0002B04D00BE0BC
S1136230524801F04FF907E0514801F04BF903E0EF
S1136240504801F047F900BF3F4B93F88532194697
S11362503D4B93F888321C463B4B93F887321A46E1
S1136260394B93F8893207F1880001930092234651
S11362700A46454901F0B8FE07F18803184601F0C3
S113628029F9314B93F886321A462F4B93F884320E
S113629019462D4B93F88A3207F1880000930B4678
S11362A03A4901F0A1FE07F18803184601F012F9FA
S11362B0374B1B684FF000041A4623461CA1D1E952
S11362C0000101F0C5FC03460C46C7F8A431D7F819
S11362D0A431304AA2FB03239C09D7F8A4212D4BF7
S11362E0A3FB02139B094FF47A7101FB03F3D31A46
S11362F007F188002246284901F076FE07F1880359
S1136300184601F0E7F8254801F0E4F80E4B93F83D
S11363108C32012B48D0022B05D0002B48D12048C9
S113632001F0D8F844E01F4801F0D4F840E000BF81
S113633000D088C310000000C0000020CC00002062
S1136340D0000020709700003C07002097C1897A94
S11363501000002088970000989700009C97000088
S1136360A0970000A8970000AC970000C097000019
S1136370CC970000D8970000E49700007C960000BA
S1136380849600008C96000098960000F097000018
S1136390AC000020D34D621010980000DC96000081
S11363A0F0960000F8960000B54801F093F800BF9D
S11363B0B44B93F88D321A46B24B93F88E32194689
S11363C0B04B93F88F3207F1880000930B46AE4927
S11363D001F00AFE07F18803184601F07BF8A94B87
S11363E093F88232002B00F0CE80A64B93F88B32C8
S11363F0002B40F0C88007F1080300221A70A34B59
S113640000221A60A24B00221A70002387F8AD31D3
S11364100323A7F8AA3197E0B7F8AA31994A52F8AA
S11364202330C7F8A031D7F8A0319A4A934200F03C
S11364308380BB1D00221A70BB1D1946D7F8A0012A
S1136440FEF722FFC7F89C01D7F89C01FEF7C4FEB3
S11364500346002B72D1D7F89C01FEF7EDFE0346EC
S113646083F00103DBB2002B68D1D7F89C31002BF9
S113647056DB97F8AD31002B11D0874801F02AF88C
S113648007F108031B78002B02D007F1080300E092
S1136490824B184601F01EF8814801F01BF8B7F84A
S11364A0AA31DBB203F00F0387F89B3197F89B31D5
S11364B05B0887F89A31D7F89C315B0BC3F311035F
S11364C0C7F89431D7F89431DA0097F89A3103F089
S11364D007031343C7F89031D7F89C31DB0ADBB2CA
S11364E003F0030387F88F3197F88F3107F18800A1
S11364F0D7F890216B4901F077FD07F1880318461E
S113650000F0E8FF07F1080300221A705F4B002235
S11365101A605F4B00221A70012387F8AD310EE038
S113652097F8AD31002B0AD007F108031946D7F8C4
S11365309C01FFF71DFA02E000BF00E000BFB7F8BE
S1136540AA310133A7F8AA314E4B93F880329BB29B
S1136550B7F8AA219A42FFF45FAF97F8AD31002B48
S113656011D04D4800F0B6FF07F108031B78002B4B
S113657002D007F1080300E0484B184600F0AAFFD8
S1136580474800F0A7FF484800F0A4FF00F072FC61
S11365903C4B93F88B32022B00F0ED80394B93F88F
S11365A08232002B00F0E480364B93F88722354B7F
S11365B093F88532013B3D490B441B7A9A4240F0E3
S11365C0B180304B93F88A222E4B93F88532013BED
S11365D036490B441B7A9A422DD1FDF755FA344AB9
S11365E0284B104619464FF425731A4601F0E8FC6F
S11365F02F4B93F887222E4B83F888222C4B0022B2
S113660083F88C222B4B00221A702B4B1B78032B04
S11366100BD12A4A1B4B104619464FF425731A46D0
S113662001F0CEFC244B04221A70254800F052FFDE
S1136630FFF7CAFBA9E0134B93F88502114B93F8BB
S11366408912104B93F888321A46FDF725FE03464B
S1136650002B63D1FDF718FA154A0A4B1046194668
S11366604FF425731A4601F0ABFC114B93F88C32AE
S1136670012B29D1134B9A780D4B83F8872228E0FC
S1136680009700003C0700200C970000CC0000207D
S1136690D000002097C1897A209800002898000033
S11366A0CC950000349800004C980000FC000020B9
S11366B0A8040020D6000020E000002014020020DE
S11366C0609800008C010020344B1A78344B83F816
S11366D08722344B93F88532013B334A13441A7AA8
S11366E02F4B83F888222E4B93F88C32022B0ED139
S11366F02E4B01221A702C4B9B7801331A462C4BDB
S11367001A60294B5B7801331A462A4B1A60244BD2
S1136710012283F89022FFF757FB36E0264800F069
S1136720D9FE32E0254800F0D5FE204B1B78012B22
S113673003D01E4B1B78022B17D11A4B93F88522DA
S1136740174B93F885329A420FD1164B93F888224F
S1136750134B93F887329A4207D1144B00221A70D4
S1136760FDF79AF9164800F0B5FEFEF73DFE0CE081
S1136770FEF73AFE09E00B4B93F88332002B04D06A
S1136780104800F0A7FEFEF72FFEFDF76DF900E0BC
S113679000BF07F5DA77BD4690BD00BF8C0100202D
S11367A0A80400203C070020FC000020D6000020A4
S11367B0D8000020DC00002074980000A09800009D
S11367C0AC980000C098000080B500AF4A4B1B781D
S11367D0DBB2002B40F08D80484B1B78012B03D09B
S11367E0022B41D0002B84E0454B1B68013B444AFB
S11367F01360434B1B68002B78D1424B1B68013B51
S1136800404A13603F4B1B68002B1DD13B4B0222B7
S11368101A703D4B5A783D4B83F887223C4BDB780A
S113682001331A46374B1A60394B5B7801331A46E9
S1136830334B1A60374800F04DFE344B032283F883
S11368409022FFF7C1FA51E0314B5B7801331A46CD
S11368502B4B1A60304800F03DFE2C4B022283F88B
S11368609022FFF7B1FA41E0254B1B68013B244A13
S11368701360234B1B68002B3AD1224B1B68013B4E
S1136880204A13601F4B1B68002B1FD11B4B002297
S11368901A701D4B9A781D4B83F887221B4B0122DB
S11368A083F88C22174B00221A60154B00221A60C1
S11368B01A4800F00FFE154B93F890320433DAB205
S11368C0124B83F89022FFF77FFA11E0104B5B78AC
S11368D001331A460A4B1A600E4800F0FBFD0B4BBD
S11368E0032283F89022FFF76FFA01E000BF00E073
S11368F000BF00BF80BD00BFC0000020D600002044
S1136900DC000020D80000208C010020A804002016
S1136910FC000020E4980000F89800000C990000A6
S1136920B0B5C4B004AF514B1B78052B00F299806D
S113693001A252F823F000BF616A0000616A0000FE
S113694051690000616A0000616A0000616A000028
S1136950474B1B78DBB2002B40F08380454B1B7800
S1136960002B7ED1444B93F884321C46424B93F85F
S113697089321D46404B93F881321A463E4B93F8B8
S1136980863219463C4B93F88B32381D02930191A1
S113699000922B462246394901F026FB3B1D18463E
S11369A000F098FD344B93F884321B01DAB2324B79
S11369B083F88022324B1A782F4B83F88522304B90
S11369C01B78013B2E4A13441A7A2B4B83F88822F6
S11369D0294B93F88822284B83F88A22264B0222DB
S11369E083F88C22244B002283F88D22224B002230
S11369F083F88E22204B002283F88F221E4B93F8BB
S1136A0085021D4B93F889121B4B93F888321A4662
S1136A10FDF742FC0346002B1ED11A4B1A78164B85
S1136A2083F88722184A144B104619464FF42573ED
S1136A301A4601F0C5FA154B01221A70104B9B78C7
S1136A4001331A46124B1A600D4B5B7801331A4618
S1136A50104B1A60FFF7B8F9044B03221A7000E0D8
S1136A6000BF00BF07F58077BD46B0BDE000002041
S1136A70C0000020D1000020140200202099000052
S1136A80FC0000208C010020A8040020D600002077
S1136A90D8000020DC00002080B400AF034B5B6909
S1136AA01846BD465DF8047B704700BF00200640D1
S1136AB080B483B000AF7860044A7B68536100BF40
S1136AC00C37BD465DF8047B704700BF00200640CC
S1136AD080B400AF034B044A9A6300BFBD465DF81F
S1136AE0047B7047002006401751FFFF80B400AFBD
S1136AF0034B1B691846BD465DF8047B704700BF15
S1136B000020064080B483B000AF7860044A7B68FC
S1136B10136100BF0C37BD465DF8047B704700BFAE
S1136B200020064080B400AF044B4AF6E8629A6342
S1136B3000BFBD465DF8047B704700BF00200640DF
S1136B4080B584B000AF01211348F9F7E5FD0321B6
S1136B501248FAF709FA01211148F9F7DDFDFFF7A8
S1136B60E1FF104A3B1D07CA03C31A8001233B718E
S1136B7000237B710023BB710023FB7100237B7214
S1136B800F233B7201233B733B1D1846FCF7AEFAFF
S1136B9000BF1037BD4680BD30053E00050024000F
S1136BA0A00914005C990000F0B593B004AF7860BC
S1136BB07B68002B00F0C6807B685B791D467B6890
S1136BC01B791E467B68DB781A467B681B7819465E
S1136BD07B685B781C467B689B7807F1080003930D
S1136BE002940191009233462A46584901F0FCF977
S1136BF007F10803184600F06DFC7B689A78544B43
S1136C00A3FB0213D9080B469B000B445B00D31A69
S1136C10DBB219467B689B784D4AA2FB0323DB0851
S1136C20DBB21B0141EA03007B685A78484BA3FBA3
S1136C300213D9080B469B000B445B00D31ADBB24A
S1136C401B0240EA03027B685B784149A1FB031302
S1136C50DB08DBB21B0342EA03007B681A783C4B77
S1136C60A3FB0213D9080B469B000B445B00D31A09
S1136C70DBB21B0440EA03027B681B783449A1FBA6
S1136C800313DB08DBB21B0513437B637B68DA78F1
S1136C902F4BA3FB0213D9080B469B000B445B004C
S1136CA0D31ADBB219467B68DB78294AA2FB03239B
S1136CB0DB08DBB21B0141EA03007B681A79244B31
S1136CC0A3FB0213D9080B469B000B445B00D31AA9
S1136CD0DBB21B0240EA03027B681B791C49A1FB5F
S1136CE00313DB08DBB21B0342EA03007B685A7917
S1136CF0174BA3FB0213D9080B469B000B445B0004
S1136D00D31ADBB21B0440EA03027B685B791049A7
S1136D10A1FB0313DB08DBB21B0513433B63FFF743
S1136D2001FF0020FCF7D0F9786BFFF7EBFE386B1E
S1136D30FFF7BEFE0120FCF7C7F9FFF7C9FE00F01C
S1136D407BFD00E000BF3C37BD46F0BD6899000004
S1136D50CDCCCCCC80B584B000AF78607B68002B00
S1136D6000F08380FFF7C2FEF860FFF795FEB8607D
S1136D70FB681B09DBB203F00703DBB21A4692007F
S1136D8013445B00DAB2FB68DBB203F00F03DBB23F
S1136D901344DAB27B689A70FB681B0BDBB203F016
S1136DA00703DBB21A46920013445B00DAB2FB68B5
S1136DB01B0ADBB203F00F03DBB21344DAB27B68C5
S1136DC05A70FB681B0DDBB203F00303DBB21A46F7
S1136DD0920013445B00DAB2FB681B0CDBB203F0D5
S1136DE00F03DBB21344DAB27B681A70BB681B0969
S1136DF0DBB203F00303DBB21A46920013445B00D8
S1136E00DAB2BB68DBB203F00F03DBB21344DAB2CD
S1136E107B68DA70BB681B0BDBB203F00103DBB2E7
S1136E201A46920013445B00DAB2BB681B0ADBB259
S1136E3003F00F03DBB21344DAB27B681A71BB6848
S1136E401B0DDBB203F00F03DBB21A4692001344AE
S1136E505B00DAB2BB681B0CDBB203F00F03DBB2DE
S1136E601344DAB27B685A7100E000BF1037BD46A4
S1136E7080BD0000F0B591B004AF07F128031846B7
S1136E80FFF768FF97F82D301D4697F82C301E4603
S1136E9097F82B3097F8282097F8291097F82A00AC
S1136EA004463846039402910192009333462A46DD
S1136EB0054901F099F83B46184600F00BFB00BF6A
S1136EC03437BD46F0BD00BFA099000080B483B044
S1136ED000AF0346FB7197F90730002B0BDBFB79FE
S1136EE003F01F02074997F907305B09012000FAF4
S1136EF002F241F8232000BF0C37BD465DF8047B45
S1136F00704700BF00E100E080B483B000AF0346E7
S1136F10FB7197F90730002B0CDBFB7903F01F02A0
S1136F20074997F907305B09012000FA02F2603340
S1136F3041F8232000BF0C37BD465DF8047B704741
S1136F4000E100E080B500AF01211448F9F7E4FB4B
S1136F50134B00221A60124B00225A62104B42F269
S1136F605422DA610E4B4FF020621A600C4B40F64B
S1136F70F7725A610A4B01229A610520FFF7C4FF98
S1136F800520FFF7A3FF064B01225A60054B0022A0
S1136F901A70054B00221A6000BF80BD0002060073
S1136FA000800140D4090020D009002080B400AF43
S1136FB00E4B01225A610E4B1B78DBB20133DBB25C
S1136FC00B4A19461170072B0AD9094B00221A7073
S1136FD0084B01221A70084B1B680133064A1360E0
S1136FE000BFBD465DF8047B704700BF00800140D0
S1136FF0E2000020D4090020D009002080B483B02E
S113700000AF0346FB7197F90730002B0BDBFB79CC
S113701003F01F02074997F907305B09012000FAC2
S113702002F241F8232000BF0C37BD465DF8047B13
S1137030704700BF00E100E080B483B000AF0346B6
S1137040FB7197F90730002B10DBFB7903F01F026B
S1137050094997F907305B09012000FA02F220334D
S113706041F82320BFF34F8FBFF36F8F00BF0C375E
S1137070BD465DF8047B704700E100E080B483B056
S113708000AF0346FB7197F90730002B0CDBFB794B
S113709003F01F02074997F907305B09012000FA42
S11370A002F2603341F8232000BF0C37BD465DF87F
S11370B0047B704700E100E080B500AF0121114876
S11370C0F9F72AFB104B00221A600F4B00225A6278
S11370D00D4B4EF65F22DA610B4B00221A600A4B0D
S11370E040F6F7725A61084B01229A610E20FFF7AD
S11370F0C5FF0E20FFF782FF034B02225A6000BF38
S113710080BD00BF001204000084014080B500AFC0
S1137110084B00225A62074B40F6F7725A610E2060
S1137120FFF7ACFF0E20FFF769FF024B01225A6004
S113713000BF80BD0084014080B500AF034B022234
S11371405A600E20FFF778FF00BF80BD0084014025
S113715080B500AF034B01225A61FEF79FFA00BFCE
S113716080BD00BF0084014080B483B000AF78606C
S11371707B684EF2C752934208D97B684EF6F86298
S1137180934203D8044A7B68013BD36100BF0C37A8
S1137190BD465DF8047B70470084014080B400AFB5
S11371A0044B4EF65F22DA6100BFBD465DF8047BF6
S11371B0704700BF0084014080B483B000AF034631
S11371C0FB7197F90730002B0BDBFB7903F01F02EF
S11371D0074997F907305B09012000FA02F241F8E8
S11371E0232000BF0C37BD465DF8047B704700BF09
S11371F000E100E080B483B000AF0346FB7197F96F
S11372000730002B0CDBFB7903F01F02074997F9C9
S113721007305B09012000FA02F2603341F82320B1
S113722000BF0C37BD465DF8047B704700E100E009
S113723080B483B000AF786039607B683A689A6440
S113724000BF0C37BD465DF8047B704780B483B043
S113725000AF786039607B68DA6C3B681A437B68FE
S1137260DA6400BF0C37BD465DF8047B704700004C
S113727080B500AF01211F48F9F74EFA01211E48DD
S1137280F9F74AFA0123042204210220FAF73EFE08
S11372900023012205210220FAF738FE174B40F69D
S11372A0AA62DA60154B00221A60144B41F20502FF
S11372B05A60134A4FF41651104800F0E8F90F4B86
S11372C003225A670D4B40F204429A670B4B052286
S11372D0DA600C490948FFF7ABFF04210748FFF7C0
S11372E0B5FF1520FFF786FF1520FFF765FF00BFE8
S11372F080BD00BF004E040000550A00004001405C
S113730000A24A04FFFF010080B582B000AF78609C
S113731007E07B685A1C7A601B7819460548FAF71F
S11373209FFE7B681B78002BF3D100BF0837BD4656
S113733080BD00BF0040014080B582B000AF064868
S1137340FAF77AFE0346FB71FB791846FDF7DEFA7D
S113735000BF0837BD4680BD0040014080B483B003
S113736000AF0346FB7197F90730002B0BDBFB7969
S113737003F01F02074997F907305B09012000FA5F
S113738002F241F8232000BF0C37BD465DF8047BB0
S1137390704700BF00E100E080B483B000AF034653
S11373A0FB7197F90730002B0CDBFB7903F01F020C
S11373B0074997F907305B09012000FA02F26033AC
S11373C041F8232000BF0C37BD465DF8047B7047AD
S11373D000E100E080B483B000AF786039607B687E
S11373E03A689A6400BF0C37BD465DF8047B704769
S11373F080B483B000AF786039607B68DA6C3B6836
S11374001A437B68DA6400BF0C37BD465DF8047B21
S11374107047000080B500AF01212048F9F77CF9DE
S113742001211F48F9F778F9012304220C210420D3
S1137430FAF76CFD002301220D210420FAF766FD02
S1137440184B40F6AA62DA60164B00221A60154BFC
S113745041F205025A60144A4FF4E131114800F038
S113746016F9104B03225A670E4B40F204429A67F6
S11374700C4B0522DA600D490A48FFF7ABFF0421E3
S11374800848FFF7B5FF1720FFF786FF1720FFF71F
S113749065FF074B00221A7000BF80BD005E040028
S11374A000550A000044014000A24A04FFFF010005
S11374B0D80A002080B582B000AF0346FB71FB7987
S11374C019460348FAF7CCFD00BF0837BD4680BD16
S11374D00044014080B582B000AF786007E07B686B
S11374E05A1C7A601B7819460548FAF7B9FD7B687F
S11374F01B78002BF3D100BF0837BD4680BD00BF09
S11375000044014080B582B000AF1D48FAF794FDF5
S11375100346FB71FB790D2B1AD11A4B1B889BB2C6
S11375201A46194B002199541848FFF7D3FF154BFD
S11375301B889BB2FE2B07D8124B1B889BB2013BC6
S1137540114AD25C124B1A700E4B00221A8013E0BF
S1137550FB791846FFF7AEFF0A4B1B889BB2FE2B44
S11375600AD8084B1B889BB25A1C91B2054A118059
S11375701946054AFB79535400BF0837BD4680BD00
S113758000440140E4000020D8090020C89900000C
S1137590D80A002080B483B000AF0346FB7197F98A
S11375A00730002B0BDBFB7903F01F02074997F927
S11375B007305B09012000FA02F241F8232000BFE2
S11375C00C37BD465DF8047B704700BF00E100E066
S11375D080B483B000AF0346FB7197F90730002BEA
S11375E010DBFB7903F01F02094997F907305B09A7
S11375F0012000FA02F2203341F82320BFF34F8F19
S1137600BFF36F8F00BF0C37BD465DF8047B704736
S113761000E100E080B483B000AF0346FB7197F94A
S11376200730002B0CDBFB7903F01F02074997F9A5
S113763007305B09012000FA02F2603341F823208D
S113764000BF0C37BD465DF8047B704700E100E0E5
S113765080B483B000AF786039607B683A689A641C
S113766000BF0C37BD465DF8047B704780B483B01F
S113767000AF786039607B68DA6C3B681A437B68DA
S1137680DA6400BF0C37BD465DF8047B704780B4F4
S113769087B000AFF860B9607A6010237B617B68C3
S11376A09A00BB68796901FB03F3B2FBF3F3043B73
S11376B09B013B61FB683A695A6100BF1C37BD46B8
S11376C05DF8047B7047000080B500AF01211E48BF
S11376D0F9F722F801211D48F9F71EF801230422C5
S11376E00A210420FAF712FC002301220B210420B2
S11376F0FAF70CFC164B40F6AA62DA60144B00222F
S11377001A60134B41F205025A60124A4FF41641B3
S11377100F48FFF7BCFF0E4B03225A670C4B0022A5
S11377209A670B4B0522DA600B490948FFF790FF73
S113773004210748FFF79AFF0620FFF76BFF062096
S1137740FFF728FF00BF80BD0072040000550A0047
S11377500000014000A24A04FFFF010080B582B08E
S113776000AF786007E07B685A1C7A601B78194682
S11377700548FAF775FC7B681B78002BF3D100BF32
S11377800837BD4680BD00BF0000014080B485B00D
S113779000AF78607B681B78242B01D0002333E092
S11377A07B680333FB60FB681B78522B0BD1FB68AF
S11377B001331B784D2B06D1FB6802331B78432B16
S11377C001D1012320E0FB681B78472B0BD1FB6818
S11377D001331B78472B06D1FB6802331B78412BFE
S11377E001D1012310E0FB681B785A2B0BD1FB68F5
S11377F001331B78442B06D1FB6802331B78412BE1
S113780001D1012300E0002318461437BD465DF87A
S1137810047B704780B500AF05490648FFF718FFA1
S11378200620FFF7F7FE0620FFF7B4FE00BF80BD79
S1137830FFFF01000000014080B500AF0620FFF704
S1137840C7FE00BF80BD80B487B000AF78603960E8
S11378507B68002B02D03B68002B01D10023D1E0D0
S11378607B681B78242B01D00023CBE07B687B61F1
S113787002E07B6901337B617B691B78002B03D0B9
S11378807B691B782C2BF4D17B691B78002B01D1ED
S11378900023B7E07B6901337B617B691B782F2B65
S11378A003D97B691B78392B01D90023AAE07B69B2
S11378B01B78303BDBB21A46920013445B00DAB209
S11378C07B6901331B781344DBB2303BDAB23B688B
S11378D01A707B6902331B78303BDBB21A46920084
S11378E013445B00DAB27B6903331B781344DBB2C5
S11378F0303BDAB23B685A707B6904331B78303B07
S1137900DBB21A46920013445B00DAB27B6905339A
S11379101B781344DBB2303BDAB23B689A707B6865
S11379200333BB60BB681B78522B6AD1BB6801333D
S11379301B784D2B65D1BB6802331B78432B60D178
S11379407B693B610023FB6016E03B6901333B61CB
S11379503B691B78002B03D03B691B782C2BF4D19B
S11379603B691B78002B01D100234BE03B690133B9
S11379703B61FB680133FB60FB68072BE8DD3B6977
S11379801B782F2B03D93B691B78392B01D9002392
S113799038E03B691B78303BDBB21A469200134453
S11379A05B00DAB23B6901331B781344DBB2303B32
S11379B0DAB23B68DA703B6902331B78303BDBB2E6
S11379C01A46920013445B00DAB23B6903331B7816
S11379D01344DBB2303BDAB23B681A713B690433BF
S11379E01B78303BDBB21A46920013445B00DAB2D8
S11379F03B6905331B781344DBB2303BDAB23B6896
S1137A005A71012318461C37BD465DF8047B704744
S1137A1080B584B000AF5148FAF70EFB03467B7380
S1137A207B7B242B0ED14E4B00221A804C4B1B889F
S1137A309BB25A1C91B24A4A11801946494A7B7B2F
S1137A40535487E07B7B0A2B6DD1454B1B889BB23B
S1137A50002B64D0424B1B889BB2FD2B5FD8404B5C
S1137A601B889BB25A1C91B23D4A11801A463D4B69
S1137A700A2199543A4B1B889BB21A46394B002170
S1137A8099543848FFF782FE03463B733B7B002B37
S1137A9029D0354B1B78012B02D13448FFF71AFD4E
S1137AA0334BBB60BB681B78522B1CD1BB680133C2
S1137AB01B784D2B17D1BB6802331B78432B12D193
S1137AC03B4600221A609A803B4619462548FFF738
S1137AD0BAFE0346002B06D03B461846FFF764F86F
S1137AE0214B00221A70204B1B78012B02D11D4818
S1137AF0FFF7F0FC0023FB8108E0FA89FB891949B0
S1137B00895C1C4AD154FB890133FB81144B1B88CB
S1137B109BB2FA899A42F0D9174B01221A70104B82
S1137B2000221A8016E07B7B0D2B13D00C4B1B8894
S1137B309BB2FE2B0BD80A4B1B889BB25A1C91B2EA
S1137B40074A11801946074A7B7B535402E0044BD1
S1137B5000221A8000BF1037BD4680BD00000140DE
S1137B60E6000020DC0B0020B3000020D0990000C8
S1137B70DF0B0020DC0A0020E800002080B483B082
S1137B8000AF78607B680D4A93420BD07B680C4A47
S1137B90934207D07B680B4A934203D07B680A4A1E
S1137BA0934202D14FF0FF3301E04FF6FF731846C2
S1137BB00C37BD465DF8047B704700BF00A0014050
S1137BC000A4014000A8014000AC014080B582B08F
S1137BD000AF786039607868FFF7D0FF7B683A6857
S1137BE0DA6100BF0837BD4680BD000080B584B0AF
S1137BF000AF00211348F8F737FE01211248F8F7C7
S1137C008BFD3B4600221A605A609A601A73012366
S1137C103B7001233B700023BB700023FB700023E7
S1137C203B7100237B703B4619460848FBF700FB79
S1137C304FF0FF310548FFF7C9FF00BF1037BD46BD
S1137C4080BD00BF60410900000E040000A0014097
S1137C5053B94AB9002908BF00281CBF4FF0FF31AF
S1137C604FF0FF3000F072B9ADF1080C6DE904CEAD
S1137C7000F006F8DDF804E0DDE9022304B0704703
S1137C802DE9F047089E04468846002B4BD18A42D2
S1137C90154667D9B2FA82F24AB1C2F1200701FA55
S1137CA002F320FA07F7954047EA030894404FEAA5
S1137CB0154E230CB8FBFEF71FFA85FC0EFB178844
S1137CC043EA084307FB0CF1994209D9EB1807F181
S1137CD0FF3080F01B81994240F21881023F2B440F
S1137CE05B1AA4B2B3FBFEF00EFB103344EA034468
S1137CF000FB0CFCA44509D92C1900F1FF3380F0DA
S1137D000781A44540F2048102382C4440EA07402C
S1137D10A4EB0C0400271EB1D4400023C6E90043A1
S1137D203946BDE8F0878B4209D9002E00F0EB807C
S1137D300027C6E9000138463946BDE8F087B3FAA2
S1137D4083F7002F47D18B4202D3824200F2FA809C
S1137D50841A61EB030301209846002EE0D0C6E9A3
S1137D600048DDE702B9FFDEB2FA82F2002A40F0F1
S1137D708F80491B4FEA154E1FFA85F80127B1FB86
S1137D80FEFC230C0EFB1C1143EA014308FB0CF11F
S1137D90994207D9EB180CF1FF3002D2994200F254
S1137DA0CD808446591AA3B2B1FBFEF00EFB101429
S1137DB043EA044408FB00F8A04507D92C1900F154
S1137DC0FF3302D2A04500F2B6801846A4EB0804A3
S1137DD040EA0C409FE7C7F1200CBB4022FA0CFE9E
S1137DE04EEA030E01FA07F420FA0CF521FA0CF31B
S1137DF04FEA1E482543B3FBF8F92C0C08FB193352
S1137E001FFA8EFA44EA034309FB0AF49C4202FA7D
S1137E1007F200FA07F10BD91EEB030309F1FF3057
S1137E2080F087809C4240F28480A9F10209734467
S1137E301B1BADB2B3FBF8F008FB103345EA034457
S1137E4000FB0AFAA24508D91EEB040400F1FF3333
S1137E506BD2A24569D90238744440EA0940A0FBB8
S1137E600289A4EB0A044C45C2464B4654D351D074
S1137E70002E69D0B1EB0A0564EB030404FA0CFC90
S1137E80FD40FC404CEA0505C6E90054002747E7DD
S1137E90C2F1200320FA03F7954001FA02F021FA17
S1137EA003F34FEA154E3843010CB3FBFEF71FFAF8
S1137EB085F80EFB173341EA034107FB08F38B42B5
S1137EC004FA02F407D9691807F1FF3C2FD28B4258
S1137ED02DD9023F2944CB1A81B2B3FBFEF00EFB2D
S1137EE0103341EA034100FB08F38B4207D96918B8
S1137EF000F1FF3C17D28B4215D902382944C91A24
S1137F0040EA07473BE73746304609E70746E7E6D6
S1137F101846FBE64145ABD2B8EB020A69EB0E0208
S1137F2001381346A4E76046E9E7184695E7674633
S1137F30D1E781467CE702382C4447E7ACF1020CD8
S1137F402B442FE7384608E73746E9E6704700BF79
S1137F5008B5074B044613B10021AFF30080054B6D
S1137F601868836A03B19847204600F0A1FC00BF5B
S1137F7000000000D899000070B50D4E0D4CA41BF4
S1137F80A4100025A54209D10B4E0C4C00F092FC24
S1137F90A41BA4100025A54205D170BD56F82530B8
S1137FA098470135EEE756F8253098470135F2E752
S1137FB07800002078000020780000207C00002059
S1137FC010B5431E0A44914200D110BD11F8014B73
S1137FD003F8014FF7E702440346934200D1704788
S1137FE003F8011BF9E700000EB400B59CB01DAB0B
S1137FF0029006906FF000410948079104910949E5
S113800053F8042B05910068019302A900F06EF85F
S1138010029B00221A701CB05DF804EB03B0704799
S1138020140000200802FFFF034613F8012B002A66
S1138030FBD1181A013870472DE9F0478E689E422B
S113804082460C469046994637D88A8912F4906F36
S113805031D0256809696F1A6569022305EB450566
S113806095FBF3F509F101033B449D4238BF1D46DE
S1138070530530D5294600F073FB064650B90C234E
S1138080CAF80030A38943F04003A3814FF0FF30C6
S1138090BDE8F0873A462169FFF792FFA38923F4EC
S11380A0906343F08003A381266165613E44ED1B28
S11380B02660A5604E464E4500D94E46324641469E
S11380C0206800F0E5FAA3689B1BA36023681E44A4
S11380D026600020DCE72A4600F09CFB06460028C8
S11380E0E2D12169504600F0EDFAC8E72DE9F04FDE
S11380F09DB0804603938B891D060C4616460FD50A
S11381000B696BB9402100F02BFB2060206128B97A
S11381100C23C8F800304FF0FF30C7E04023636100
S11381200023099320238DF8293030238DF82A3039
S11381304FF0010B37463D4615F8013B0BB1252B9B
S11381403ED1B7EB060A0BD0534632462146404691
S1138150FFF772FF013000F0A480099B5344099398
S11381603B78002B00F09D8000234FF0FF32CDE9D7
S11381700523049307938DF853301A932F46052251
S113818017F8011B4F4800F033FA049BD0B9D90605
S113819044BF20228DF853201A0744BF2B228DF8A8
S11381A053202A782A2A15D0079A2F4600200A2518
S11381B0394611F8013B303B092B4DD9B8B10FE0DA
S11381C02F46B8E73F4A801A0BFA00F01843049090
S11381D03D46D3E7039A111D12680391002A01DB7F
S11381E0079204E0524243F00203079204933B785F
S11381F02E2B0CD17B782A2B33D1039B1A1D1B68A1
S11382000392002BB8BF4FF0FF33023705932E4D76
S113821039780322284600F0EBF938B14023401B9B
S113822003FA00F0049B0343013704933978274889
S11382308DF8281006227E1C00F0DAF9002838D0C8
S1138240234B13BB039B073323F007030833039328
S1138250099B4B4409936DE705FB023201200F464D
S1138260A6E700230137059319460A25384610F876
S1138270012B303A092A03D9002BC8D00591C6E74F
S113828005FB012101230746F0E703AB00932246D7
S1138290104B04A94046AFF30080B0F1FF3F814684
S11382A0D6D1A3895B063FF536AF09981DB0BDE86A
S11382B0F08F03AB00932246064B04A9404600F01E
S11382C081F8EAE7DC990000E2990000E6990000F1
S11382D000000000398000002DE9F04791461F4658
S11382E08A680B69DDF820809342B8BF1346C9F849
S11382F0003091F8432006460C4612B10133C9F808
S113830000302368990642BFD9F800300233C9F817
S11383100030256815F0060507D104F1190AE36851
S1138320D9F800209B1AAB4228DC94F84330226829
S1138330003318BF012392062DD404F143023946B9
S11383403046C047013020D02368E568D9F80020C2
S113835003F00603042B08BFAD1AA36822690CBFFF
S113836025EAE57500259342C4BF9B1AED184FF02A
S113837000091A344D451AD1002008E00123524661
S113838039463046C047013003D14FF0FF30BDE8D5
S1138390F0870135C3E7E1185A1C302081F8430007
S11383A0224494F8451082F843100233C5E70123B0
S11383B0224639463046C0470130E6D009F101096A
S11383C0D8E700002DE9F04301F1430C0C46097E87
S11383D085B06E291746064698460C9A00F0B3807D
S11383E022D8632936D00AD8002900F0B980582948
S11383F000F0838004F1420584F8421032E06429DD
S113840001D06929F6D120681368050603F1040137
S11384102AD51B681160002B03DA2D225B4284F8F5
S113842043206F480A2239E0732900F09D8008D860
S11384306F2920D07029DDD1236843F02003236005
S113844003E0752917D07829D4D1782384F84530EE
S1138450644855E01368191D1B68116004F1420556
S113846084F8423001238CE01B68116010F0400F47
S113847018BF1BB2CFE713682568181D10602806C3
S113848001D51B6802E06806FBD51B8854486F2998
S113849014BF0A220822002184F843106568A560ED
S11384A0002DC0F29580216821F004012160002B89
S11384B03DD1002D40F08E806546082A0BD12368FB
S11384C0DB0708D5236962689A42DEBF302305F8CA
S11384D0013C05F1FF35ACEB05032361CDF80080C9
S11384E03B4603AA21463046FFF7F6FE01304DD144
S11384F04FF0FF3005B0BDE8F083394884F84510EB
S1138500136821681D1D1B6815600A060BD5CA0770
S113851044BF41F0200121601BB9226822F02002EF
S113852022601022B7E74D0648BF9BB2EFE76546CD
S1138530B3FBF2F102FB1133C35C05F8013D0B46BA
S11385400029F5D1B9E7136825686169181D106021
S113855028061B6801D5196002E06A06FBD519805C
S1138560002323616546B9E71368191D11601D686E
S113857062680021284600F03BF808B1401B6060A7
S113858063682361002384F84330A7E723692A46FC
S113859039463046C0470130AAD023689B0713D41C
S11385A0E068039B9842B8BF1846A3E701234A46F4
S11385B039463046C04701309AD00135E368039A02
S11385C09B1AAB42F2DCEBE7002504F11909F5E74D
S11385D0002BACD1037884F8423004F142056CE7F7
S11385E0ED990000FE99000000000000000000006A
S11385F001F0FF01102A2BDB10F0070F08D010F850
S1138600013B013A8B422DD010F0070F42B3F6D153
S1138610F0B441EA012141EA014122F007047FF06C
S113862000070023F0E80256083C85EA010586EAC3
S1138630010685FA47F5A3FA87F586FA47F6A5FAFF
S113864087F68EB9EED1F0BC01F0FF0102F007020B
S113865032B110F8013B013A83EA010313B1F8D1B6
S11386600020704701387047002D06BF3546033897
S1138670073815F0010F07D1013015F4807F02BFD0
S1138680013015F4C03F0130F0BC0138704700BF21
S1138690884210B501EB020307D8421E99420AD062
S11386A011F8014B02F8014FF8E78342F5D981181C
S11386B0D21AD34200D110BD13F8014D01F8014D77
S11386C0F7E7000038B50546002945D051F8043CC9
S11386D00C1F002BB8BFE41800F0D2F81F4A13682F
S11386E0104633B9636014602846BDE8384000F092
S11386F0C8B8A3420CD921686218934204BF1A680F
S11387005B68636004BF521822600460ECE71346A0
S11387105A680AB1A242FAD919685818A0420BD172
S113872020680144581882421960DDD110685268EB
S11387305A6001441960D7E702D90C232B60D3E7B0
S1138740206821188A4204BF11685268626004BF1D
S1138750091821605C60C7E738BD00BFEC00002049
S113876070B5CD1C25F0030508350C2D38BF0C253C
S1138770002D064601DBA94203D90C2333600020F7
S113878070BD00F07DF8214A1468214691B9204C4F
S113879023681BB9304600F063F820602946304650
S11387A000F05EF8431C24D10C233360304600F003
S11387B068F8E4E70B685B1B18D40B2B0FD90B602C
S11387C0CD50CC18304600F05CF804F10B00231DAA
S11387D020F00700C31AD3D05A42E250D0E78C42AB
S11387E04B6816BF636013600C46EBE70C464968A0
S11387F0CCE7C41C24F00304A04205D0211A30465F
S113880000F02EF80130CFD02560DBE7EC0000202B
S1138810F0000020F8B5074614460E4621B911466B
S1138820BDE8F840FFF79CBF22B9FFF74BFF254690
S11388302846F8BD00F026F8A0420FD2214638465B
S1138840FFF78EFF05460028F2D031462246FFF797
S1138850B7FB31463846FFF735FFE9E73546E7E72A
S113886038B5064C002305460846236000F012F88C
S1138870431C02D1236803B12B6038BDDC0C0020FB
S11388807047704751F8043C181F002BBCBF0B58AD
S1138890C0187047044A05491368002B08BF0B46EB
S11388A01844106018467047F4000020E00C0020C3
S11388B0FEE700BFF8B500BFF8BC08BC9E46704791
S11388C0F8B500BFF8BC08BC9E467047601F0D0099
S11388D090051000001F60BC40420F00900510007E
S11388E000881300351F61BC0000000000881300DD
S11388F040951600351FA2BC0000000040951600EC
S113890040771B00351F23AD0000000040771B009B
S113891030322000001F60BA80841E0030322000F4
S113892000102700351F61BA000000000010270066
S113893090512D00351FA2BA0000000090512D0067
S113894080EE3600351F23AB0000000080EE3600B9
S113895060644000001F60B800093D00606440008E
S113896000204E00351F61B80000000000204E00BA
S1138970107C5A00351FA2B800000000107C5A0079
S113898000BF7200001F23A9C0CF6A0000BF72009D
S113899080439100351F249900000000804391001A
S11389A0C00DB400351F259900000000C00DB400AF
S11389B000BADB00001F2699405DC60000BADB0048
S11389C080730601001F27990024F40080730601B8
S11389D020992C01001F4899C0EA210120992C01FB
S11389E0C0286B01351F499900000000C0286B01A5
S11389F060EDB501001F4A9980BA8C0160EDB501A4
S1138A0080011302001F6B990048E80180011302E2
S1138A1080138D02001F6C9980D5430280138D0250
S1138A20805A1303001F6D99006CDC02805A1303F3
S1138A3020289B03001F8E99007E560320289B0349
S1138A4000A24A04001F8FA90090D00380A812013D
S1138A5000000000005125020001000080F93703E6
S1138A600002000000A24A0400030000C0CF6A0014
S1138A7002000000809FD50002010000002D31019A
S1138A800202000000000000000600010D080E00B4
S1138A9054434920434F4D312D41202855415254D0
S1138AA030290D0A0000000054434920434F4D3340
S1138AB02D432028555341525430290D0A000000FB
S1138AC054434920434F4D322D422028554152549E
S1138AD03129202D2044454255470D0A000000004D
S1138AE04846584F3A203530204D487A206B7279E9
S1138AF07374616C2C2044504C4C3A203732204D16
S1138B00487A0D0A0000000068656C700D0A0000C8
S1138B10202D2D2D2D2D2D2D2D2D2D2D2D2D2D2D8E
S1138B202D2D2D2D2D2D2D2D2D2D2D2D2D2D2D2D71
S1138B302D0D0A002054434920636F6D6D616E64EE
S1138B40733A0D0A0000000020312E2E36203A2000
S1138B50746F67676C65204C45443A20312C322C85
S1138B60332C342C52582C54580D0A002064203ACB
S1138B7020746F67676C652076696577206F66205F
S1138B8064657461696C732052582F54580D0A003F
S1138B902074203A20737461727420545820544F06
S1138BA04B454E0D0A0000002054203A2073746F88
S1138BB0702074696D6572312031323030487A0D1D
S1138BC00A0000002078203A204750494F5F496E40
S1138BD074456E61626C652852585F50494E290D88
S1138BE00A000000206E203A20656E61626C6520E8
S1138BF076696577204750532070726F746F636F86
S1138C006C204E4D45410D0A000000002073203AAF
S1138C1020746F67676C6520766965772073656378
S1138C206F6E642074696D652D7469636B0D0A0041
S1138C302069203A20746F67676C652076696577D0
S1138C40206F6620696E707574730D0A0000000051
S1138C502072203A2073686F77205254430D0A0023
S1138C602061203A2073686F7720616C61726D73A4
S1138C70207374617475730D0A0000002070203A2B
S1138C802073686F7720706172616D6574657273AB
S1138C900D0A00002077203A2077726974652070ED
S1138CA06172616D657465727320746F20464C4106
S1138CB053480D0A00000000206C203A206C6F61BC
S1138CC06420706172616D65746572732066726F81
S1138CD06D20464C4153480D0A0000002068203A9C
S1138CE020646973706C61792074686973206865A5
S1138CF06C700D0A0000000053617665207061728B
S1138D00616D657465727320746F20464C415348DD
S1138D100D0A00004C6F616420706172616D6574AE
S1138D206572732066726F6D20464C4153480D0A7C
S1138D30000000004C454431000000004C45443222
S1138D40000000004C454433000000004C4544340E
S1138D50000000004C454420525800004C4544207B
S1138D6054580000547820646174616772616D0D19
S1138D700A00000053746F702074696D65723120AD
S1138D8054582031323030487A0D0A005458207437
S1138D906F67676C65206269740D0A0052585458F5
S1138DA02044455441494C533A204F4E0D0A00008B
S1138DB0525854582044455441494C533A204F4644
S1138DC0460D0A00414C41524D53205354415455D1
S1138DD0533A202054414D5045523D0020204241F9
S1138DE0544552593D0000000D0A00000D0A544339
S1138DF0493E20002E000000494E505554204F4E4D
S1138E002D4241544552593A202575202020000016
S1138E10494E5055542054414D5045523A202575E1
S1138E200D0A0000414C41524D3A2054616D706569
S1138E30722D73746172740D0A000000414C41522A
S1138E404D3A204261746572792D73746172740DA8
S1138E500A0000004E4F524D414C5F434F4E44496F
S1138E6054494F4E00000000414C41524D5F535451
S1138E7041525400414C41524D5F53454E54000001
S1138E80414C41524D5F454E44000000464C415315
S1138E90483A206572617365206572726F720D0ABB
S1138EA000000000464C4153483A207772697465CB
S1138EB0206572726F720D0A00000000464C415327
S1138EC0483A20706172616D6574657273207361D4
S1138ED07665640D0A000000464C4153483A206E02
S1138EE06F2076616C696420646174610D0A00000E
S1138EF0464C4153483A2073697A65206D69736D15
S1138F00617463682C207573696E6720646566619B
S1138F10756C74730D0A0000464C4153483A207036
S1138F206172616D6574657273206C6F61646564F0
S1138F300D0A00000D0A2D2D2D2D2D2D2D2D2D2D3D
S1138F402D2D2D2D2D2D2D2D2D2D2D2D2D2D2D2D4D
S1138F502D2D2D2D2D2D2D2D2D2D2D2D2D2D2D2D3D
S1138F602D2D2D2D2D2D2D0D0A00000020202054F7
S1138F7043492D5320000000302E31002020205082
S1138F80204120522041204D20452054204520528C
S1138F9020530D0A000000002D2D2D2D2D2D2D2DDB
S1138FA02D2D2D2D2D2D2D2D2D2D2D2D2D2D2D2DED
S1138FB02D2D2D2D2D2D2D2D2D2D2D2D2D2D2D2DDD
S1138FC02D2D2D2D2D2D2D2D2D0D0A005052494DB9
S1138FD0415259204E45543A2025750D0A0000008F
S1138FE04E4558542054494D453A2025750D0A00E4
S1138FF04E45585420525054203A2025750D0A00ED
S11390004552524F52205250543A2025750D0A00B1
S113901050524554494D4520203A2025750D0A00EB
S11390204445414454494D45203A2025750D0A00D4
S11390305359532E544F4B20203A2025750D0A00C6
S11390404F555420454E41422E3A2025750D0A00B5
S11390502D2D2D2D2D2D2D2D2D2D2D2D2D2D2D2D3C
S11390602D2D2D2D2D2D2D2D2D2D2D2D2D2D2D2D2C
S11390702D2D2D2D2D2D2D2D2D2D2D2D2D2D2D2D1C
S11390802D0D0A4E45543A0020253032750000005B
S11390900D0A4441553A0000207820000D0A2D2D78
S11390A02D2D2D2D2D2D2D2D2D2D2D2D2D2D2D2DEC
S11390B02D2D2D2D2D2D2D2D2D2D2D2D2D2D2D2DDC
S11390C02D2D2D2D2D2D2D2D2D2D2D2D2D2D2D00F9
S11390D00D0A524F5554453A204E45542050544899
S11390E020444155202D3E20464C572045525220C5
S11390F05245560D0A000000202020202020202563
S11391003032750020202A20000000002020253065
S11391103275000020202D3E2025303275000000DD
S11391202020253032750D0A0000000055505449A6
S11391304D453A20256C752073656320202020005E
S1139140FFFFFFFFFFFFFFFFFFFFFFFFFFFFFFFF2B
S11391503035312C3230342C3030302C3031312C0D
S113916000000000253033752C253033752C253054
S113917033752C253033752C000000003030302C32
S1139180253033752C253033752C3130382C0000C4
S1139190253033752C253033752C3030302C30305D
S11391A0302C00003030312C000000003030302CE6
S11391B03030302C3030302C3030302C3030302CBB
S11391C03030302C3030302C3030302C3030302CAB
S11391D03030302C3030302C3030302C3030302C9B
S11391E03030302C3030302C3030302C3030302C8B
S11391F03030302C3030302C3030302C3030302C7B
S11392003030302C3030302C3030302C0000000026
S1139210253033752C0000003030302C3030302CA9
S11392203030302C3030302C3030302C3030302C4A
S11392303030302C3030302C3030302C3030302C3A
S11392403030302C3030302C3030302C3030302C2A
S11392503030302C3030302C3030302C3030302C1A
S11392603030302C3030302C3030302C3030302C0A
S11392703030302C3030302C3030302C3030302CFA
S11392803030302C3030302C3030302C3030302CEA
S11392903030302C3030302C3030302C3030302CDA
S11392A03030302C3030302C3030302C3030302CCA
S11392B03030302C3030302C3030302C3030302CBA
S11392C03030302C3030302C3030302C3030302CAA
S11392D03030302C3030302C3030302C3030302C9A
S11392E03030302C3030302C3030302C3030302C8A
S11392F03030302C3030302C3030302C3030302C7A
S11393003030302C3030302C3030302C3030302C69
S11393103030302C3030302C3030302C3030302C59
S11393203030302C3030302C3030302C3030302C49
S11393303030302C3030302C00000000700D0A002A
S1139340253033752C253033752C253033752C2579
S11393503033752C253033752C253033752C0000B3
S11393600D0A00000D0A454550524F4D3A5B00006E
S11393705D0D0A000D0A5752495445204545505287
S11393804F4D3A5B000000000D0A575249544520E6
S1139390524F555445533A205B0000002575785DC3
S11393A00D0A0000454E440D0A0000005965730083
S11393B05265736574544349000000005761697431
S11393C000000000546F6B00526561647900000076
S11393D0546F6B656E3A2575000000003000000084
S11393E0310000000D000000452563460000000028
S11393F025632563000000004F4B00000D0A2D2D4E
S11394002D204D415354455220544F4B454E204C32
S11394104F41444544202D2D2D0D0A004552524FF5
S1139420520000000D0A4552524F523A20546F6BBD
S1139430656E204E4F54206C6F61646564206672C3
S11394406F6D20746865206D6173746572205B496B
S11394504E4445583D25755D0D0A20000D0A4552C0
S1139460524F523A20546F6B656E204E4F54206C0D
S11394706F616465642066726F6D20746865206D29
S11394806173746572210D0A000000000D0A4D55C8
S11394904C54492054434920426F617264205365FF
S11394A07474696E67206D6F64650D0A504153537F
S11394B0574F52443A200000434D443E20000000E0
S11394C03A0000000A0D575249544520524F555452
S11394D045205441424C453A2020283132383D45FC
S11394E04E440A0D0000000020524553455420000C
S11394F05B0000005D00000020554E4B4E4F574E60
S11395002D434D44200000000D0A434D443E2000ED
S11395100D0A524F555445205441424C4520575250
S1139520495445440D0A434D443E20005741534598
S11395305200000031000000300000000A0000006A
S11395402D2D2D20545820454E44202D2D2D0D0A0F
S1139550000000002052582053544154453A200042
S113956053544154455F52585F49444C45000000F0
S113957053544154455F505245414D424C450000BF
S113958053544154455F53594E435F574149540026
S113959053544154455F524543454956494E47004B
S11395A053544154455F5245434549564544000090
S11395B053544154455F5452414E534D4954494EBE
S11395C047000000554E4B4E4F574E000D0A000009
S11395D0545820414C41524D3A204552524F525F0B
S11395E04E4F5F54414D5045525F53544152540DB8
S11395F00A000000545820414C41524D3A20455233
S1139600524F525F4E4F5F54414D5045525F454E4D
S1139610440D0A00545820414C41524D3A204552C1
S1139620524F525F4E4F5F4241544552595F53541B
S11396304152540D0A000000545820414C41524DEF
S11396403A204552524F525F4E4F5F424154455269
S1139650595F454E440D0A000D0A2D2D2D205458F6
S1139660205354415254202D2D2D0D0A000000008A
S11396702020202054583A2000000000535953540D
S1139680454D20004E4F524D414C200050502D541A
S113969045535420000000004E45543D253032759A
S11396A0204441553D25303275204144523D2530FA
S11396B0327520504154483D25752000544F4B4588
S11396C04E3D25752042415443483D2575204D416A
S11396D0535445523D253032750D0A002020202078
S11396E0444953545249425554494F4E3D00000099
S11396F044495245435420005245504149522000A8
S113970052455645525345200000000050415353E2
S11397102D4441553D2530327520414C41524D2D4B
S11397204441553D2530327520414C41524D2D4E1A
S11397304F3D25750D0A000020202020524F55541E
S113974045205741593A20464F4C4C4F573D253000
S11397503275204552524F523D25303275205245C4
S113976056455253414C3D253032750D0A000000D8
S11397700D0A2D2D2D205258205354415254202D82
S11397802D2D0D0A00000000253032643A20494492
S11397904C450D0A000000004F4B2000455252007A
S11397A05B46495845445D000000000025303264A2
S11397B03A20253038582025732025730D0A0000DF
S11397C0202020204F4B3A200000000020202020A1
S11397D04552524F5200000028484541443A4F4BED
S11397E0293A000028484541443A455252293A0052
S11397F0544F4B454E3D25752042415443483D2529
S113980075204D41535445523D253032752000009A
S1139810663D256C752E2530336C75487A0D0A002B
S11398204D53473D00000000287072617A646E61F8
S113983029000000202020204144523D2530376C6F
S113984075204643453D2564200000002D2D2D2024
S1139850525820454E44202D2D2D0D0A00000000A5
S1139860544F4B454E2052455455524E45440D0AD3
S1139870000000004E4F54205458202D20526563A0
S11398806F7264206E6F7420666F756E6420696EEB
S113989020524F555445205441424C450D0A000076
S11398A04E4F5420544F2054580D0A00544F4B45EA
S11398B04E20464F4C4C4F5753204F4B0D0A00003F
S11398C0544F20444F3A20767973696C6174206F49
S11398D064706F766564206E612050502D5445533A
S11398E0540D0A00524550454154204552524F529E
S11398F0205741590D0A0000524550454154204417
S11399004952454354205741590D0A005458205296
S113991045564552534520544F4B454E0D0A0000C1
S11399202020202042415443483D25752050415475
S1139930483D25752054494D454F55543D257520C6
S1139940544F4B454E2D49443D257520544F4B45AE
S11399504E2D545950453D25750D0A000100000057
S113996005000000000000000D0A53455420525425
S113997043206279204750533A20323025303275E3
S11399802D253032752D2530327520202530327545
S11399903A253032753A253032750D0A0000000040
S11399A05554433A203230253032752D25303275E6
S11399B02D253032752020253032753A2530327508
S11399C03A253032750D0A000D0A5443493E2000F1
S11399D05B5554435D20000018000020232D302BDC
S11399E02000686C4C00656667454647003031329C
S11399F033343536373839414243444546003031F3
S1139A003233343536373839616263646566000051
S1079A10000000004E
S10B9A147C67FF7F01000000E4
S1139A1C80F0FA0200800000C0EA2101C0EA2101B2
S1139A2C01000000180000200000000000000000ED
S1139A3C0000000000000000000000000000000016
S1139A4C0000000000000000000000000000000006
S1139A5C00000000000000000000000000000000F6
S1139A6C00000000000000000000000000000000E6
S1139A7C00000000000000000000000000000000D6
S1139A8C00000000000000007501000051010000FE
S9032921B2
