:1000000000000820092A0000352A0000352A0000D7
:10001000352A0000352A0000352A0000352A000064
:10002000352A0000352A0000352A0000352A000054
:10003000352A0000342A0000352A0000352A000045
:10004000352A0000352A0000352A0000F13500006D
:10005000352A000079760000DD800000352A000096
:10006000352A0000352A0000352A0000352A000014
:10007000352A0000352A00001D780000352A0000CE
:10008000352A0000352A0000352A0000352A0000F4
:10009000352A0000057A0000352A0000D17B0000D7
:1000A000352A0000352A0000352A0000352A0000D4
:1000B000352A0000352A0000352A0000352A0000C4
:1000C000352A0000352A0000352A0000352A0000B4
:1000D000352A0000352A0000352A0000352A0000A4
:1000E000352A0000352A0000352A0000352A000094
:1000F000352A0000352A0000352A0000352A000084
:10010000352A0000352A0000352A0000352A000073
:10011000352A0000352A0000352A0000352A000063
:10012000352A0000352A0000352A0000352A000053
:10013000352A0000352A0000352A0000352A000043
:10014000352A0000352A0000352A0000352A000033
:1001500010B5054C237833B9044B13B10448AFF301
:1001600000800123237010BD8000002000000000EB
:10017000DCA5000008B5034B1BB103490348AFF3EE
:10018000008008BD0000000084000020DCA5000005
:10019000154B002B08BF134B9D46A3F5803A002159
:1001A0008B460F461348144A121A08F07AFA0F4B7E
:1001B000002B00D098470E4B002B00D09847002012
:1001C000002104000D000D48002802D00C48AFF3B8
:1001D000008008F037FA2000290002F0D9F808F072
:1001E0001DFA00BF00000800000008200000000009
:1001F0000000000080000020DC0D00200000000056
:100200000000000080B487B000AFF860B9607A6089
:10021000FB6803F10473DA00BB6813449B007B6145
:100220007B697A681A6000BF1C37BD465DF8047BA5
:10023000704780B485B000AF786039607B6803F1A7
:100240000473DA003B6813449B00FB60FB681B6887
:1002500018461437BD465DF8047B704780B485B0FE
:1002600000AF786039607B6803F1C063FB60FB68B6
:100270003A681A6000BF1437BD465DF8047B7047CA
:1002800080B485B000AF786039607B6803F180632B
:10029000FB60FB683A681A6000BF1437BD465DF822
:1002A000047B704780B483B000AF786001227B6824
:1002B00002FA03F318460C37BD465DF8047B70471D
:1002C00080B485B000AF78607B68002B03D07B687A
:1002D000B3F5004F00BF7B68B3FA83F3DBB2C3F121
:1002E0001F03FB60FB6818461437BD465DF8047BAE
:1002F000704780B584B000AF78607B680133B3FA93
:1003000083F3DBB2C3F11F03FB60F868FFF7CAFF9A
:10031000FB6818461037BD4680BD000080B400AFB2
:10032000064B1B6803F04003002B01D1012300E0C2
:1003300000231846BD465DF8047B70473C300E40F4
:1003400080B500AFFFF7EAFF034683F00103DBB29D
:10035000002B08D100BF12210448FFF76AFF0346B3
:10036000002BF8D100E000BF80BD00BF04300E407C
:1003700080B500AFFFF7E4FF034B5B681B0C03F095
:100380000303DBB2184680BD00300E4080B584B058
:1003900000AF78600123FB607B68124A934204D867
:1003A0000023FB600023BB6008E07B680E4A934299
:1003B00002D80123BB6001E00223BB60FA68102170
:1003C0000A48FFF71FFF094BD3F8003123F04072B2
:1003D000BB681B0605491343C1F8003100BF103745
:1003E000BD4680BD0048E8010090D00300400E40AB
:1003F00080B485B000AF786039604FF080435B68AF
:1004000003F04073FB600023BB6012E01B4ABB6833
:10041000DB0013441A793B68DBB29A4206D1174AD3
:10042000BB6852F833307A689A4206D9BB68013308
:10043000BB60BB68062BE9D900E000BFBB68072B97
:1004400002D10323FB6005E00C4ABB68DB001344C8
:100450005B79FB60FB681B06FB604FF080435B68C9
:1004600023F040724FF08041FB6813434B6000BFA4
:100470001437BD465DF8047B704700BFCC93000085
:1004800080B582B000AF4FF080431B6C002B14BFCF
:1004900001230023FB714FF0804341F671321A644F
:1004A00002F0EAFA034600211846FFF7A1FFFB79A4
:1004B000002B03D04FF0804300221A6400BF08379E
:1004C000BD4680BD80B584B000AF786039600C4B0C
:1004D000FB603B68022B01D10A4BFB607A68FB682A
:1004E0009A4204D908490948FFF7B8FE03E00649D3
:1004F0000648FFF7C5FE00BF1037BD4680BD00BFF0
:1005000080D543020024F4000202020000010040F2
:1005100080B582B000AF786039607B680B4A934247
:1005200009D93B68002B06D14FF480514FF0804031
:10053000FFF794FE05E04FF480514FF08040FFF745
:100540009FFE00BF0837BD4680BD00BF80F0FA02A5
:1005500080B584B000AF786039604FF080431B6C89
:10056000002B14BF01230023FB734FF0804341F69F
:1005700071321A6439687868FFF73AFF3968786829
:10058000FFF7A0FF39687868FFF7C2FFFB7B002BFD
:1005900003D04FF0804300221A6400BF1037BD46DD
:1005A00080BD000080B400AF044B5B6A1B0903F000
:1005B00003031846BD465DF8047B704700400E40BB
:1005C00080B483B000AF7860074B5B6A23F03002E1
:1005D0007B681B01044913434B6200BF0C37BD46C7
:1005E0005DF8047B704700BF00400E4080B483B0CC
:1005F00000AF78600A4BD3F8443103F00103002BBD
:1006000008D100BF064BD3F840217B681340002B74
:10061000F8D100E000BF0C37BD465DF8047B7047A1
:1006200000400E4080B500AF0321064800F01CF9E1
:100630000321054800F018F90321044800F014F9DB
:1006400000BF80BD404105005041070060410900E6
:1006500080B582B000AF02F019FA3860FFF788FE6B
:100660000346022B1AD13A68224B1344224AA2FBBA
:100670000323DB0D7B607B68002B02D07B68013B92
:100680007B6079681D4800F0EFF879681C4800F03D
:10069000EBF879681B4800F0E7F827E03A681A4B56
:1006A00013441A4AA2FB03231B0E7B607B68002BBA
:1006B00002D07B68013B7B607968104800F0D4F879
:1006C0007968104800F0D0F83A68114B1344114A89
:1006D000A2FB03239B0E7B607B68002B02D07B6810
:1006E000013B7B607968064800F0BEF800BF083720
:1006F000BD4680BDFF2C31016BCA5F6B40410500D8
:1007000050410700604109007FF0FA02893BE6553D
:10071000FFA14A04B5FA9BEE80B586B000AF7860C1
:100720000B46FB7000233B617B681B0A03F00F0341
:10073000013B0E2B7CD801A252F823F07907000070
:100740008507000031080000310800007F07000025
:10075000910700009B070000A5070000B1070000FB
:1007600007080000BD070000DF0700003108000097
:100770008B070000010800002F4B7B6146E02F4BE8
:100780007B6143E02E4B7B6140E02E4B7B613DE083
:100790002D4B7B6101233B6138E02C4B7B611023A7
:1007A0003B6133E02A4B7B614FF480733B612DE06A
:1007B000284B7B614FF480333B6127E0264B7B6104
:1007C000FB78002B14BF01230023DBB283F001036D
:1007D000DBB2FB70FB7803F00103FB7016E01F4BEC
:1007E0007B61FB78002B14BF01230023DBB283F075
:1007F0000103DBB2FB70FB7803F00103FB7005E043
:10080000174B7B6102E0174B7B6100BF7B681B0BC2
:1008100003F01F03FB603B69002B02D03869FFF730
:10082000E5FEFB781A46F9687869FFF7EBFC00E013
:1008300000BF1837BD4680BD00400E40B0400E409E
:10084000C0400E40C4400E40E0400E40E8400E4024
:10085000EC400E40F0400E4060410E4064410E40BE
:10086000F0410E4050410E4080B584B000AF78603A
:1008700039607B681B0903F00F03FB60FB68013BD9
:100880000B2B00F2D58101A252F823F0BD08000025
:10089000070900001F0900003F0900005B09000074
:1008A0007709000093090000C7090000D90A000079
:1008B000710B00009B0B0000150C0000FFF7E0FD22
:1008C000BA48FFF763FDFFF7ADFEB94BD3F800312F
:1008D00023F4F8523B681B02B5491343C1F80031B9
:1008E00002F0AAF8B860FFF743FD03461946B8685E
:1008F000FFF72EFE02F0CAF803461846FFF746FD42
:10090000FFF7A6FE95E1AA4BD3F8143123F4F85271
:100910003B681B02A6491343C1F8143189E13868CA
:10092000FFF7CEFC3860A24BD3F8003123F04072C1
:100930003B681B069E491343C1F8003179E19C4B8B
:10094000D3F80C3123F4FF3323F480733A68120296
:1009500097491343C1F80C316BE1954BD3F818312B
:1009600023F4FF3323F480733A681202904913434F
:10097000C1F818315DE18E4BD3F81C3123F4FF33FD
:1009800023F480733A68120289491343C1F81C3179
:100990004FE1FFF775FD864BD3F8083123F4FF33A1
:1009A00023F480733A68120281491343C1F8083175
:1009B00002F042F8B860FFF7DBFC03461946B8685E
:1009C000FFF7C6FD35E17B687A4A93424AD0794AFF
:1009D000934209D8784A934223D0784A93422FD041
:1009E000774A93420AD076E0764A934260D0764ABC
:1009F00093424AD0754A93425AD06CE03868FFF768
:100A000078FC38600420FFF7F1FD694BD3F8203102
:100A100023F470223B681B0465491343C1F820315D
:100A200059E04FF48020FFF7E1FD614BD3F83031FE
:100A300023F003025E493B681343C1F830314AE0BA
:100A40003868FFF756FC38600420FFF7CFFD584B9D
:100A5000D3F8203123F00F0255493B681343C1F806
:100A6000203138E03868FFF744FC38600420FFF795
:100A7000BDFD4F4BD3F8203123F0F0023B681B0142
:100A80004B491343C1F8203125E03868FFF731FCAA
:100A900038600420FFF7AAFD454BD3F8203123F43A
:100AA00040723B681B0242491343C1F8203112E0F7
:100AB0003868FFF71EFC38600420FFF797FD3C4BB9
:100AC000D3F8203123F4E0423B681B033849134339
:100AD000C1F8203100BFACE07B683D4A934218D09A
:100AE0003C4A934228D03C4A934200D03FE03868C9
:100AF000FFF7FFFB38604020FFF778FD2C4BD3F861
:100B0000283123F003022A493B681343C1F82831F6
:100B10002DE03868FFF7EDFB38604020FFF766FDF9
:100B2000234BD3F8283123F030023B681B012049C6
:100B30001343C1F828311AE03B687F2B02D83B6889
:100B40000E2B00BF3868FFF7D4FB0346043B3B6025
:100B50004020FFF74BFD164BD3F8283123F44052C9
:100B60003B681B0312491343C1F8283100BF60E002
:100B70007B68114A934200D00EE04FF48020FFF7CB
:100B800035FD0B4BD3F8303123F0030208493B68A5
:100B90001343C1F8303100BF4BE07B680F4A9342EA
:100BA00020D00F4A934228D033E000BF0148E8012B
:100BB00000400E4080161800A009140080061600A0
:100BC0008046120000362C0080262E0080002A006D
:100BD00090171C009037300090071A00B8003200C0
:100BE000B9003400154BD3F85C3123F003021349EC
:100BF0003B681343C1F85C310BE0104BD3F85C3118
:100C000023F440323B681B040C491343C1F85C31A8
:100C100000BF0EE0094BD3F8043123F4FF3323F473
:100C200080733A68120205491343C1F8043100E0A9
:100C300000BF00BF1037BD4680BD00BF00400E4062
:100C400080B485B000AF78600123FB737B6803F04C
:100C50000F03BB60BB68013B0B2B00F2748101A248
:100C600052F823F0950C0000F10C0000210D00005B
:100C7000990D0000690D0000C90D0000470F00002C
:100C8000ED0D00002F0E0000730E0000B30E0000EB
:100C9000F30E0000B34BD3F8943003F00703023B8C
:100CA000052B21D801A252F823F000BFD10C00007F
:100CB000CB0C0000C50C0000D70C0000E30C0000BA
:100CC000DD0C00000223FB7311E00323FB730EE035
:100CD0000423FB730BE00D23FB7308E00E23FB736F
:100CE00005E00A23FB7302E00523FB7300BF32E13A
:100CF0009C4BD3F8803003F00703022B06D0042B63
:100D000007D0012B08D10323FB7308E00223FB73F8
:100D100005E00C23FB7302E00123FB7300BF1AE123
:100D2000904BD3F8843003F00703013B032B17D813
:100D300001A252F823F000BF490D00004F0D000042
:100D40005B0D0000550D00000323FB730BE0022335
:100D5000FB7308E00C23FB7305E00623FB7302E042
:100D60000123FB7300BFF6E07E4BD3F8883003F01D
:100D70000703022B06D0042B07D0012B08D1032335
:100D8000FB7308E00223FB7305E00C23FB7302E016
:100D90000123FB7300BFDEE0724BD3F88C3003F00D
:100DA0000703022B06D0042B07D0012B08D1032305
:100DB000FB7308E00223FB7305E00C23FB7302E0E6
:100DC0000123FB7300BFC6E0664B1B6F03F00303F8
:100DD000002B04D0012B05D10923FB7305E0072369
:100DE000FB7302E00123FB7300BFB4E05D4BD3F85B
:100DF0005C3103F03003102B0CD0102B02D8002BE9
:100E000005D010E0202B08D0302B09D00BE00123B7
:100E1000FB730BE00723FB7308E00423FB7305E07F
:100E20000823FB7302E00123FB7300BF93E04D4BEB
:100E3000D3F85C3103F44013B3F5801F0FD0B3F542
:100E4000801F02D8002B07D085E0B3F5001F09D022
:100E5000B3F5401F09D07EE00123FB7308E00723B0
:100E6000FB7305E00423FB7302E00823FB7300BF60
:100E700071E03C4BD3F8603103F00303032B65D8DA
:100E800001A252F823F000BF990E00009F0E00004F
:100E9000A50E0000AB0E00000523FB7308E0042341
:100EA000FB7305E00723FB7302E00A23FB7300BF1B
:100EB0004CE02C4BD3F8643103F00303032B47D8E9
:100EC00001A252F823F000BFD90E0000DF0E00008F
:100ED000E50E0000EB0E00000523FB7308E0042381
:100EE000FB7305E00723FB7302E00A23FB7300BFDB
:100EF0002EE01C4BD3F8F03103F00703052B29D863
:100F000001A252F823F000BF210F0000270F0000BC
:100F10002D0F0000330F0000390F00003F0F0000BD
:100F20000A23FB730EE00423FB730BE00B23FB731C
:100F300008E00523FB7305E00223FB7302E00323B3
:100F4000FB7300BF06E00023FB7304E000BF02E078
:100F500000BF00E000BFFB7B18461437BD465DF8BC
:100F6000047B704700400E4080B58AB000AF7860C7
:100F70000B46FB7003237B62032387F82330002397
:100F8000BB6100237B617B68112B19D1FB78042B9B
:100F900003D101F0F5FD78610BE0FB78052B08D15A
:100FA00000F028FC0246C44B9A4202D900F022FC11
:100FB00078617B69002B03D00021786901F062FE23
:100FC0007B6803F00F033B613B69013B0B2B00F295
:100FD000748201A252F823F0091000000F110000E2
:100FE0002F1100001311000021110000CD1100008D
:100FF000BB140000EB11000061120000F7120000AA
:101000007B130000FF130000FB78023B0C2B00F267
:10101000568201A252F823F04D1000005910000032
:101020006510000077100000BF140000BF1400001E
:10103000BF140000BF140000A1100000BF14000086
:10104000BF140000891000009510000004237B628B
:10105000002387F8233029E003237B62012387F8EC
:10106000233023E002237B62022387F82330934856
:10107000FFF78CF91AE001237B62032387F8233002
:101080008E48FFF783F911E005237B62032387F87D
:1010900023300BE007237B62072387F8233005E02A
:1010A00006237B62052387F8233000BF97F823309F
:1010B000072B06D097F8233001220121184600F0B3
:1010C0000BFCFFF7DDF9FFF7ADFA7B69002B01D0D0
:1010D000FFF736F97A4A7B6A536701F0ADFCF86096
:1010E00001F0D4FC03461846FFF750F9FFF740F92A
:1010F00003461946F868FFF72BFA7B69002B03D1EA
:101100000121002001F0BEFDFFF7A2FAE4E16D4BE2
:10111000BB61BB69002B01D0BB6900E06A4BBB61BE
:10112000BB69002B01D0BB6900E0684BBB61BB69A8
:10113000002B01D0BB6900E0654BBB61FB78013B34
:101140000B2B00F2BE8101A252F823F07D110000AA
:101150008311000093110000C3140000C3140000A9
:10116000A3110000C3140000C3140000C314000046
:10117000C3140000C3140000BF1100000023FB6172
:1011800020E001220121002000F0A6FB0223FB61E8
:1011900018E001220121012000F09EFB0123FB61E8
:1011A00010E001F073FC03461846FFF7EFF8012248
:1011B00000214848FFF726F80323FB6102E00423DF
:1011C000FB6100BFBB69FA691A6085E1FB78072BF8
:1011D00002D0092B04D07FE1394B00221A6703E0CB
:1011E000374B01221A6700BF76E1FB78013B072BE2
:1011F00000F2698101A252F823F000BF1D12000025
:10120000C7140000C714000033120000C714000008
:10121000C714000023120000431200000023FB61EA
:1012200012E001220121042000F056FB0123FB61A2
:101230000AE001220121022000F04EFB0223FB61A3
:1012400002E00323FB6100BF1D4BD3F85C3123F0A8
:101250003002FB691B011A491343C1F85C313BE1C1
:10126000FB78013B072B00F2308101A252F823F0FA
:1012700091120000CB140000CB140000A712000054
:10128000CB140000CB14000097120000D91200000C
:101290000023FB6123E001220121042000F01CFB5C
:1012A0000123FB611BE001220121022000F014FB5D
:1012B0000223FB6113E000BF002D31010148E8016A
:1012C00000400E4080400E408C400E4088400E4052
:1012D00084400E40B0400E400323FB6100BF804BB2
:1012E000D3F85C3123F44012FB691B057C4913439E
:1012F000C1F85C31F0E0FB78043B062B00F2E7809C
:1013000001A252F823F000BF35130000251300009E
:10131000CF14000045130000CF140000CF140000CC
:101320005513000001220121032000F0D5FA00230B
:10133000FB6117E001220121022000F0CDFA012318
:10134000FB610FE001220121042000F0C5FA022315
:10135000FB6107E001220121052000F0BDFA032313
:10136000FB6100BF5E4BD3F8603123F003025C49A0
:10137000FB691343C1F86031AEE0FB78043B062BF8
:1013800000F2A78001A252F823F000BFB9130000B9
:10139000A9130000D3140000C9130000D3140000E7
:1013A000D3140000D913000001220121032000F012
:1013B00093FA0023FB6117E001220121022000F0D3
:1013C0008BFA0123FB610FE001220121042000F0D0
:1013D00083FA0223FB6107E001220121052000F0CE
:1013E0007BFA0323FB6100BF3D4BD3F8643123F04C
:1013F00003023B49FB691343C1F864316CE0FB789D
:10140000023B092B67D801A252F823F08514000093
:10141000951400004514000075140000D714000056
:10142000D7140000D7140000D714000035140000B2
:101430005514000001220121052000F04DFA00237F
:10144000FB612FE001220121022000F045FA012377
:10145000FB6127E001F094FB214B5B6A204A43F0DB
:101460000803536201220121022000F035FA022311
:10147000FB6117E001220121032000F02DFA032374
:10148000FB610FE001220121002000F025FA042376
:10149000FB6107E001220121012000F01DFA052374
:1014A000FB6100BF0E4BD3F8F03123F007020C496B
:1014B000FB691343C1F8F0310EE000BF0CE000BF40
:1014C0000AE000BF08E000BF06E000BF04E000BF84
:1014D00002E000BF00E000BF2837BD4680BD00BF6E
:1014E00000400E4080B58AB000AF786000237B6278
:1014F0000023FB77FEF73CFF0346022B06D17B68F7
:101500001B686F4A934201D90023D5E000233B6258
:1015100018E07B681A686B493B6A1B010B441B6827
:101520009A420CD37B681A6866493B6A1B010B44DC
:1015300004331B689A4202D83B6A7B6205E03B6A2F
:1015400001333B623B6A172BE3D97B6A182B01D12D
:101550000023B1E05B4A7B6A1B01134408331B681C
:10156000BB61584A7B6A1B0113440C331B68002B78
:1015700019D0544A7B6A1B0113440C331B6818466C
:1015800000F0A6F8034603F07F037B617B69092B1B
:1015900003D97B69093B7B6101E000237B61BA6968
:1015A0007B691343BB617B681B68474A136011204A
:1015B000FFF746FB0346052B01D1FEF761FF112023
:1015C000FFF73EFB0346052B09D17B681B681846D5
:1015D000FEF7DCFE0123FB773C4B05225A673B4BB1
:1015E0004FF400521A6600BF384BD3F8903003F422
:1015F0004053002BF8D1354B4FF46032C3F8A8208C
:101600007B689B881B047A68D28811462F4A0B435B
:1016100053642E4ABB6913617B689B7ADB007A684E
:10162000527B002A01D0042200E000221A437B688A
:10163000DB7A5B0013437A68127B1146234A0B4323
:101640001364224B4FF480521A6600BF1F4BD3F82D
:10165000A03003F460333B613B69002BF6D01120CE
:10166000FFF7EEFA03460D2B05D1FB7F002B02D0CE
:10167000164B01225A671120FFF7E2FA0346052BA9
:1016800009D101F0D9F9F860FEF772FE0346194658
:10169000F868FEF75DFF01F0F9F903461846FEF71A
:1016A00075FE0121002001F0EDFA3B69B3F5004F12
:1016B00001D1012300E0002318462837BD4680BD34
:1016C000002D31014C9200000C00002000400E4023
:1016D00080B483B000AF78607B68374A934243D0D0
:1016E000354A934216D8354A93422DD0334A934215
:1016F00006D8334A934227D0324A934224D053E04B
:10170000314A934228D0314A934229D0304A9342F9
:101710001ED049E02F4A934236D02E4A934209D830
:101720002D4A934228D02D4A934229D02C4A9342E5
:101730001ED039E02B4A93422ED02B4A93422FD011
:101740002A4A934224D02FE0294BD3F880302CE052
:10175000274BD3F88C3028E0254BD3F8983024E081
:10176000234BD3F89C3020E0214BD3F8A0301CE071
:101770001F4BD3F8A83018E01D4BD3F8AC3014E061
:101780001B4BD3F8B03010E0194BD3F8B4300CE059
:10179000174BD3F8B83008E0154BD3F8BC3004E051
:1017A000134BD3F8C03000E0002318460C37BD4679
:1017B0005DF8047B704700BFC0EA210100093D00CD
:1017C00040420F0080841E00405DC6000024F400EB
:1017D000C0CF6A00006CDC020048E80180D54302FB
:1017E00080BA8C010090D00300A24A04007E560308
:1017F000B081E00F80B400AF034B1B681846BD46B4
:101800005DF8047B704700BF0C00002080B584B0F9
:1018100000AF78601120FFF713FA012200210220A7
:1018200000F05AF80023FB607B68DB7A012B0AD0BA
:10183000022B05D0002B00D008E00023FB6005E060
:101840000323FB6002E00123FB6000BF204B5B6AC7
:1018500023F003021E49FB6813434B620023FB6025
:1018600001F08EF902461B4B9A4203D8FB6843F005
:101870000803FB60164B5B6A23F008021449FB68FF
:1018800013434B627B681B88DB027A6892881A4399
:101890000F4BDA620E4B1B6B1B0D1B057A685288CF
:1018A000D20213437A68D2881146094A0B43136364
:1018B0007B681B7A1A037B685B7A1B0113437A6887
:1018C000927A1A43024B5A6300BF1037BD4680BD5F
:1018D00000400E4040787D0180B588B000AF0346DF
:1018E000FB710B46BB7113467B71FB79052B00F234
:1018F000BF8001A252F823F05919000047190000D7
:101900002319000011190000351900006F1900009B
:1019100001237B6102233B610123FB610023BB6147
:1019200030E004237B6108233B610323FB61022336
:10193000BB6127E010237B6120233B610523FB6112
:101940000423BB611EE040237B6180233B610723AE
:10195000FB610623BB6115E04FF480737B614FF49C
:1019600000733B610923FB610823BB610AE04FF46C
:1019700080637B614FF400633B610B23FB610A23AF
:10198000BB6100BFBB79002B55D00023FB73FB79F3
:10199000022B11D1FEF706FE0346012B0CD1364B6C
:1019A000DB6B0123FB73354B5B6A03F00303032BF3
:1019B00002D10220FEF704FE304A7B69136600BFA5
:1019C000B9692F48FEF735FC0346002BF8D07B7928
:1019D000002B4ED000BFF9692948FEF72AFC0346C8
:1019E000002BF8D0FB79022B43D1FB7B002B40D09E
:1019F000224B5B6A03F00303032B03D00021022078
:101A000000F0F2F8022000F03DF8B8600122002159
:101A10000220FFF761FFB968022000F06DF8174A55
:101A20007B69136600BFF9691548FEF702FC03469F
:101A3000002BF8D01DE0114A3B69136600BF0F4B25
:101A4000D3F890300121BA6901FA02F21340002B59
:101A5000F5D17B79002B0CD000BF084BD3F8903028
:101A60000121FA6901FA02F21340002BF5D100E0DE
:101A700000BF2037BD4680BD00300E4000400E4004
:101A800090400E4080B485B000AF0346FB71FB79F7
:101A9000013B042B24D801A252F823F0B11A000014
:101AA000E11A0000BD1A0000D51A0000C91A000092
:101AB000104B1B6AC3F30803FB6014E00D4B1B695A
:101AC00003F07F03FB600EE00A4B9B6803F07F038B
:101AD000FB6008E0074B9B6903F07F03FB6002E0BB
:101AE0000023FB6000BFFB6818461437BD465DF855
:101AF000047B704700400E4080B582B000AF0346C3
:101B00003960FB71FB79013B042B63D801A252F8C9
:101B100023F000BF291B0000D51B0000571B00004D
:101B2000AB1B0000811B00003B68C3F308033B6054
:101B300000BF1A212A48FEF77CFB0346002BF8D190
:101B4000284B1B6A23F4FF7323F0010325493A68ED
:101B500013430B623FE03B6803F07F033B6000BF31
:101B600018211F48FEF765FB0346002BF8D11D4BDB
:101B70001B6923F07F021B493B6813430B612AE07A
:101B80003B6803F07F033B6000BF1E211448FEF753
:101B900050FB0346002BF8D1124B9B6823F07F02C9
:101BA00010493B6813438B6015E03B6803F07F03EB
:101BB0003B6000BF19210A48FEF73BFB0346002BA0
:101BC000F8D1084B9B6923F07F0206493B68134319
:101BD0008B6100E000BF00BF0837BD4680BD00BF7D
:101BE00040410E4000400E4080B584B000AF034637
:101BF0000A46FB711346BB71FEF7D4FC0346012B6A
:101C000003D14FF48003FB6009E0BB79002B03D1C3
:101C10004FF48003FB6002E0084BFB6000BF00BF95
:101C2000074BD3F89020FB681340FA689A42F7D12B
:101C3000012318461037BD4680BD00BFFF3F473A1D
:101C400000400E4080B487B000AFF860B9607A60A1
:101C5000FB6803F10473DA00BB6813449B007B61EB
:101C60007B697A681A6000BF1C37BD465DF8047B4B
:101C7000704780B485B000AF786039607B6803F14D
:101C8000C063FB60FB683A681A6000BF1437BD464A
:101C90005DF8047B704780B485B000AF7860396030
:101CA0007B6803F18063FB60FB683A681A6000BFE1
:101CB0001437BD465DF8047B704780B584B000AF33
:101CC000F860B9607A60B968F868FFF7E4FF79688E
:101CD000F868FFF7CEFF00BF1037BD4680BD00009B
:101CE00080B483B000AF7860044A7B68C2F82434C3
:101CF00000BF0C37BD465DF8047B7047008008408C
:101D000080B582B000AF03463960FB71FB79002BD0
:101D100016D0FB79012B13D0FB79022B10D0FB7965
:101D2000032B0DD0FB79042B0AD0FB79052B07D0B0
:101D3000FB79062B04D0FB79072B01D0FB79082B0C
:101D4000FA7913465B0013441B010C3303F1804303
:101D500003F5082301213A6801FA02F211461846F8
:101D6000FFF799FF00BF0837BD4680BD80B582B040
:101D700000AF03463960FB71FB79002B16D0FB796D
:101D8000012B13D0FB79022B10D0FB79032B0DD044
:101D9000FB79042B0AD0FB79052B07D0FB79062BA6
:101DA00004D0FB79072B01D0FB79082BFA79134675
:101DB0005B0013441B010C3303F1804303F508233C
:101DC00001213A6801FA02F211461846FFF751FF65
:101DD00000BF0837BD4680BD80B586B000AFB96092
:101DE0007A601A460346FB731346BB7300237B617C
:101DF000FB7B002B16D0FB7B012B13D0FB7B022B34
:101E000010D0FB7B032B0DD0FB7B042B0AD0FB7B7C
:101E1000052B07D0FB7B062B04D0FB7B072B01D0C7
:101E2000FB7B082B7B68072B0ED87B689B000F225F
:101E300002FA03F1FA7B7B689B0002FA03F31A466D
:101E40002B48FFF73AFF10E07B68083B7B617B691A
:101E50009B000F2202FA03F1FA7B7B699B0002FAD6
:101E600003F31A462348FFF728FF7B68072B10D897
:101E70007B689B00032202FA03F1BB6803F00302B4
:101E80007B689B0002FA03F31A461B48FFF715FF15
:101E90000FE07B699B00032202FA03F1BB6803F0A9
:101EA00003027B699B0002FA03F31A461348FFF70B
:101EB00004FFBB7B1A4679681148FFF7C3FE97F809
:101EC00020301A4679680F48FFF7BCFE01227B6874
:101ED00002FA03F31846FFF703FF97F824301A4677
:101EE00079680948FFF7AEFE00BF1837BD4680BDD0
:101EF0000084084004840840088408400C8408409A
:101F000010840840148408402884084080B584B0B8
:101F100000AFB9607B600346FB731346BB73FB7B6A
:101F2000002B16D0FB7B012B13D0FB7B022B10D098
:101F3000FB7B032B0DD0FB7B042B0AD0FB7B052BFB
:101F400007D0FB7B062B04D0FB7B072B01D0FB7B50
:101F5000082BBB7B002B0DD07B68002B05D0FB7BB7
:101F6000B9681846FFF702FF04E0FB7BB968184622
:101F7000FFF7C6FEBB68072B20D82E49FA7B134615
:101F80005B0013441B010B4404331A68BB689B00BD
:101F90000F2101FA03F3DB431340B97BBA689200C7
:101FA00001FA02F211462348FA7B194313465B00FB
:101FB00013441B0103440433196025E01D49FA7BD7
:101FC00013465B0013441B010B4408331A68BB68BB
:101FD00003F18043083B9B000F2101FA03F3DB432D
:101FE00002EA0301BA7BBB6803F18043083B9B0014
:101FF00002FA03F30F48FA7B194313465B001344BC
:102000001B01034408331960BB7B002B0DD17B6897
:10201000002B05D0FB7BB9681846FFF7A7FE04E04C
:10202000FB7BB9681846FFF76BFE00BF1037BD4653
:1020300080BD00BF0080084080B483B000AF7860EE
:1020400000BF7B681B6903F08003002BF9D07B681D
:10205000DB69DBB218460C37BD465DF8047B704780
:1020600080B483B000AF78600B46FB7000BF7B6824
:102070001B6903F04003002BF9D0FA787B685A63A0
:1020800000BF0C37BD465DF8047B704780B483B059
:1020900000AF03463960FB7197F90730002B0ADB6C
:1020A0003B68DAB20C4997F907305201D2B20B44BF
:1020B00083F800230AE03B68DAB20849FB7903F0B1
:1020C0000F03043B5201D2B20B441A7600BF0C3707
:1020D000BD465DF8047B704700E100E000ED00E0E4
:1020E00080B485B000AF786039607B6803F1C0636D
:1020F000FB60FB683A681A6000BF1437BD465DF8A4
:10210000047B704780B485B000AF786039607B682D
:1021100003F18063FB60FB683A681A6000BF143704
:10212000BD465DF8047B704780B582B000AF0346C2
:102130003960FB71FB79002B16D0FB79012B13D092
:10214000FB79022B10D0FB79032B0DD0FB79042BEC
:102150000AD0FB79052B07D0FB79062B04D0FB793D
:10216000072B01D0FB79082BFA7913465B00134447
:102170001B010C3303F1804303F5082301213A6866
:1021800001FA02F211461846FFF7BCFF00BF0837FC
:10219000BD4680BD80B582B000AF03463960FB719B
:1021A000FB79002B16D0FB79012B13D0FB79022B86
:1021B00010D0FB79032B0DD0FB79042B0AD0FB79CF
:1021C000052B07D0FB79062B04D0FB79072B01D018
:1021D000FB79082BFA7913465B0013441B010C337F
:1021E00003F1804303F5082301213A6801FA02F262
:1021F00011461846FFF774FF00BF0837BD4680BD83
:1022000080B400AF4FF0804301225A64184BD3F8DA
:10221000B030174A43F00103C2F8B030144BD3F882
:10222000E030134A43F00803C2F8E030114B1B685A
:10223000104A43F4805313600D4BD3F8E0300C4A3E
:1022400023F00803C2F8E030094BD3F8B030084A55
:1022500023F00103C2F8B030074B1B68064A43F471
:10226000F843136000BFBD465DF8047B704700BFB4
:1022700000400E4034400540A4310E4080B588B087
:1022800000AF224A07F1140307CA83E807000023BE
:10229000FB7707F114031846FFF7B8FA0122012172
:1022A0000220FFF719FB3B1D00221A605A609A605A
:1022B000DA60174B7B6040F60F633B8140F6C31337
:1022C0007B810423BB7301237B743B1D1846FFF7FE
:1022D00009F9034683F00103DBB2002B03D004218C
:1022E0001120FEF741FE0B4BD3F80C31094A23F4C1
:1022F000FF3323F48073C2F80C3101210648FEF746
:102300000BFA00BF2037BD4680BD00BF049400001B
:1023100000A24A0400400E404041050080B500AFD5
:1023200001210D48FEF7F8F90023042201210020C5
:10233000FFF7ECFD0023042202210020FFF7E6FD59
:102340000023042204210320FFF7E0FD02210020E6
:10235000FFF720FF00BF80BD00550A0080B485B0A4
:1023600000AF78600023FB6004E0FB68FB60FB6863
:102370000133FB607B6840F60B2202FB03F2FB6833
:102380009A42F2D800BF1437BD465DF8047B70470F
:10239000F0B5C3B002AFFFF733FF00210320FFF712
:1023A00075FE01210E20FFF771FE02211520FFF7B7
:1023B0006DFE03210620FFF769FE04211720FFF7B9
:1023C00065FE05210520FFF761FEFFF757FF01F0CD
:1023D000D1F8FFF7A3FF01F055FB05F0DBFC05F09A
:1023E000ADFA05F07DFB05F013F905F0CBF905F02A
:1023F00063FF01F065F901F0D1F904F007FF01F086
:102400006FFB4FF49670FFF7A9FF01F071FB01F02D
:102410007FFB4FF49670FFF7A1FF01F081FB01F005
:102420008FFB4FF49670FFF799FF01F091FB01F0DD
:102430009FFB4FF49670FFF791FF01F0A1FB01F0B5
:10244000AFFB4FF49670FFF789FF01F0B1FB01F08D
:10245000BFFB4FF49670FFF781FF01F0C1FB01F065
:10246000DDFE01F0A7FE03F09DFA3B4600221A6054
:1024700004E03B461B685A1C3B461A603B461B68FF
:10248000C74A9342F5DD04210320FFF74DFEC548FE
:1024900005F0A0FAC44805F0C7FCC44805F080FB6D
:1024A000C34805F07DFB01F0F3FF01F0D7FB04F01A
:1024B000AFF804F083FDBF4B1B78002B00F028829F
:1024C000BC4B1B78313B462B00F2158201A252F81F
:1024D00023F000BFD7260000E3260000EF2600000F
:1024E000FB2600000727000013270000F728000044
:1024F000F7280000F7280000F7280000F728000060
:10250000F7280000F7280000F7280000F72800004F
:10251000F7280000F7280000F7280000C526000073
:10252000F7280000F7280000F7280000F72800002F
:10253000F7280000F7280000F7280000F72800001F
:10254000B1260000F7280000F7280000F728000057
:10255000F7280000F7280000F72800009D2600005B
:102560001F270000F7280000F7280000F7280000C8
:10257000F7280000F7280000F7280000F7280000DF
:10258000F7280000F7280000F7280000F7280000CF
:10259000F728000049280000F7280000F72800006D
:1025A00025270000F7280000F7280000F728000082
:1025B000F125000067270000F7280000F728000039
:1025C00087260000F72800007D270000F72800007C
:1025D000D1260000F728000075280000972600008B
:1025E00051270000F7280000F72800007B26000094
:1025F000714805F0D5FA714805F0D2FA704805F037
:10260000CFFA6E4805F0CCFA6E4805F0C9FA6E486C
:1026100005F0C6FA6D4805F0C3FA6D4805F0C0FA3A
:102620006C4805F0BDFA6C4805F0BAFA6B4805F045
:10263000B7FA6B4805F0B4FA6A4805F0B1FA6A488F
:1026400005F0AEFA694805F0ABFA694805F0A8FA5A
:10265000684805F0A5FA684805F0A2FA674805F051
:102660009FFA674805F09CFA544805F099FA03F080
:1026700011FC524805F094FA44E1624805F090FAE2
:1026800001F012FD3EE1604805F08AFA01F092FD8A
:1026900001F0FEFE36E101F029FB33E101F048FCD8
:1026A0000346002B40F02981584805F079FA24E1CF
:1026B00001F0C4FC0346002B40F02181544805F092
:1026C0006FFA1CE101F09CFA524805F069FA19E131
:1026D00001F0DEFE16E101F013FA4F4805F060FA52
:1026E00010E101F025FA4D4805F05AFA0AE101F02F
:1026F00037FA4B4805F054FA04E101F049FA494829
:1027000005F04EFAFEE001F05BFA474805F048FAA2
:10271000F8E001F06DFA454805F042FAF2E003F006
:1027200035FEEFE0424B1B78002B0CBF012300234A
:10273000DBB21A463E4B1A703D4B1B78012B03D17E
:102740003C4805F02DFADDE03B4805F029FAD9E0D8
:102750003A4B1B78002B0CBF01230023DBB21A4637
:10276000364B1A70CEE0364B1B78002B0CBF012382
:102770000023DBB21A46324B1A70C3E0314B1B7890
:10278000002B0CBF01230023DBB21A462D4B1A701D
:102790002C4B1B78002B00F0B48005F0A1FBB0E0BF
:1027A0009F860100109400002894000040940000CF
:1027B00060940000D40B00208894000090940000E6
:1027C000B4940000C8940000E0940000F894000065
:1027D0001C95000040950000609500008495000065
:1027E000A4950000B4950000D8950000FC95000069
:1027F0002096000038960000589600007C96000055
:10280000A0960000BC960000D8960000F896000044
:102810001497000030970000609700006897000050
:10282000709700007897000080970000889700005C
:102830001000002090970000A4970000B100002035
:10284000B2000020B30000205D4805F0A9F900F0B7
:1028500043FF0346184601F01FF85A4805F0A0F957
:1028600000F0A8FF0346184601F016F8564805F098
:1028700097F947E0544805F093F904F061FE534B93
:102880001B68534AA2FB03231D0C504B1A68504B84
:10289000A3FB02131B0C4F4901FB03F3D31A4E4A4F
:1028A000A2FB0323DE0A494B1A684C4BA3FB02131D
:1028B000DB0B48F6A04101FB03F3D31A484AA2FB05
:1028C00003235809414B1968454BA3FB01235A09BF
:1028D00013461B019B1A9B00CA1A3C1D01920090D3
:1028E00033462A463F49204606F042F83B1D18462B
:1028F00005F056F906E000BF04E000BF02E000BFAB
:1029000000E000BF384805F04BF9384B00221A7040
:10291000374B1B78012B7FF4CAAD354B00221A7060
:102920002A4B1B680133294A1360284B1A682A4B2B
:10293000A3FB02131B0B4FF4E15101FB03F3D31A6A
:10294000002B01D105F0CCFA204B1A68204BA3FBD9
:1029500002131B0C1F4901FB03F3D31A002B03D1F5
:1029600001F0E6FA04F0ECFD04F07CFA214B1B7850
:10297000012B02D1204805F013F9204B1B78012BC5
:1029800019D100F020FE03461A463B1D1C4918468B
:1029900005F0EEFF3B1D184605F002F900F01DFEA4
:1029A00003461A463B1D1749184605F0E1FF3B1D3B
:1029B000184605F0F5F800F0ABFE00F017FF76E5DD
:1029C000B8970000D0970000DC970000900100202D
:1029D00007452EC280510100C5B3A291D55204E92A
:1029E00089888888E097000000980000D40B0020B8
:1029F000D00A0020B100002008980000B20000209A
:102A00000C98000024980000064880470649074AB1
:102A1000074B9A42BEBF51F8040B42F8040BF8E78B
:102A2000FDF7B6FB992B0000E8A500000000002090
:102A300080000020FEE700BF80B582B000AF00F04C
:102A400025F878600A4BD3F808311B0AC3F3080352
:102A50003B603B6801337A68B2FBF3F37B60054A65
:102A60007B6813607B6818460837BD4680BD00BF91
:102A700000400E400800002080B400AF024B184612
:102A8000BD465DF8047B704700A24A0480B483B061
:102A900000AF334BD3F8943003F00703023B042B11
:102AA00049D801A252F823F0CD2A0000C52A00001F
:102AB000BD2A00002D2B0000D52A0000294B1B68E1
:102AC0007B603CE04FF400437B6038E0264B1B68A2
:102AD0007B6034E0224B9B681B0C03F01F03073B19
:102AE000072B1FD801A252F823F000BF0D2B0000C6
:102AF000252B0000252B0000252B0000132B0000A8
:102B0000252B0000192B00001F2B0000174B7B60AA
:102B10000BE0174B7B6008E0164B7B6005E0164B23
:102B20007B6002E000237B6000BF08E0134B1B6862
:102B30005B087B6003E0114B1B687B6000BF084BA8
:102B4000D3F800311B0A03F01F0301337A68B2FB8C
:102B5000F3F318460C37BD465DF8047B704700BFA1
:102B600000400E4004000020000000200024F4007B
:102B70000048E801006CDC0280F0FA020C00002042
:102B800080B400AF034B1B681846BD465DF8047B5C
:102B9000704700BF0000002080B400AF074B084A18
:102BA0009A60064BD3F88830044A43F47003C2F8A5
:102BB000883000BFBD465DF8047B704700ED00E043
:102BC0000000000080B485B000AF786039607B6899
:102BD00003F10473DA003B6813449B00FB60FB685D
:102BE0001B6818461437BD465DF8047B704700002B
:102BF00080B400AF064B1B6803F04003002B01D1EB
:102C0000012300E000231846BD465DF8047B7047B1
:102C10003C300E4080B500AFFFF7EAFF034683F07B
:102C20000103DBB2002B08D100BF12210448FFF7DB
:102C3000C9FF0346002BF8D100E000BF80BD00BFF4
:102C400004300E4080B500AFFFF7E4FF034B5B6834
:102C50001B0C03F00303DBB2184680BD00300E40AE
:102C600080B483B000AF0346FB71FB79C3F102036C
:102C7000102202FA03F318460C37BD465DF8047BB8
:102C80007047000080B584B000AF78600B46FB70E1
:102C9000FFF7AEFF034683F00103DBB2002B28D120
:102CA0007B68002B0FD1154BD3F800311B0A03F0C2
:102CB0001F030133BB60FFF7E9FE0246BB6802FB5E
:102CC00003F3FB6001E07B68FB600D4B1B78002B7E
:102CD00009D0FB680B4A934205D8FB7819460220BD
:102CE00000F012F806E0FB781946002000F00CF81E
:102CF00000E000BF1037BD4680BD00BF00400E4061
:102D00009C000020002D310190B587B000AF034634
:102D10000A46FB711346BB71FFF76AFF034683F057
:102D20000103DBB2002B31D1FFF78CFF03461A46BB
:102D3000FB7993422CD0184BD3F800311B0A03F0D7
:102D40001F0301337B61FFF7A1FE38613B697A699C
:102D500002FB03F3FB60FB79022B03D102213869EC
:102D6000FDF7F6FB0D4CFB791846FFF779FF03469C
:102D70002361BB79002B01D0FFF74CFFFB79002BBF
:102D800007D100213869FDF7E3FB02E000BF00E056
:102D900000BF1C37BD4690BD00400E4000300E40C5
:102DA00080B400AF0A4B5B68094B5B684FF080430F
:102DB00041F671321A644FF080439B684FF08042B5
:102DC00023F00103936000BFBD465DF8047B7047AC
:102DD00000300E4080B400AF4FF080439B684FF04E
:102DE000804223F0010393604FF0804300221A6475
:102DF00000BFBD465DF8047B7047000080B485B01D
:102E000000AF7860174BFB6002E0FB68013BFB60A2
:102E10004FF08043DB6903F00103002B02D0FB6815
:102E2000002BF2D1FB68002B02D16FF0020312E0FD
:102E30004FF080427B6813614FF080430122DA60DB
:102E40004FF08043DB6903F00403002B02D04FF006
:102E5000FF3300E0002318461437BD465DF8047BBD
:102E6000704700BF8096980080B487B000AF78604C
:102E700039600023BB730023FB733B68002B3AD0FF
:102E800000233B6133E0BB7B83F00103DBB2002B0B
:102E90000DD07B681A1D7A604FF080421B689361E9
:102EA0003B6901333B614FF080430822DA60164BE7
:102EB0007B6102E07B69013B7B614FF08043DB6912
:102EC00003F00103002B02D07B69002BF2D17B6958
:102ED000002B02D1FD23FB730DE04FF08043DB6933
:102EE00003F00203002B02D0FE23FB7303E03A69D8
:102EF0003B689A42C7D397F90F3018461C37BD4636
:102F00005DF8047B704700BF8096980080B58AB05A
:102F100000AFF860B9607A600023FB764FF0804321
:102F20001B6C9BB2002B14BF01230023BB764FF018
:102F3000804341F671321A643A4B5B68394B5B68E7
:102F40004FF080439B684FF0804243F00103936051
:102F50007B689B087B6100237B62BB68FB6145E06B
:102F60007B6A9B00FA6813441846FFF747FF034645
:102F7000FB7697F91B30002B11D04FF080439B68F4
:102F80004FF0804223F001039360BB7E002B03D0FF
:102F90004FF0804300221A6497F91B303DE07B6AB2
:102FA0009B00FA681344C3F30B03C3F580539B08DB
:102FB0003B627A697B6AD31A3A6A9A4203D97A6980
:102FC0007B6AD31A3B62396AF869FFF74DFF034603
:102FD000FB7697F91B30002B0DD17A6A3B6A1344BC
:102FE0007B623B6A9B00FA691344FB617A6A7B69E6
:102FF0009A42B5D300E000BF4FF080439B684FF08A
:10300000804223F001039360BB7E002B03D04FF07E
:10301000804300221A6497F91B3018462837BD46B2
:1030200080BD00BF00300E4080B485B000AF786036
:10303000494BFB604FF080431B6C9BB2002B14BFCD
:1030400001230023FB724FF0804341F671321A6472
:10305000424B5B68414B5B684FF080439B684FF08D
:10306000804243F0010393604FF080427B6813611C
:103070004FF080430122DA604FF08043DB6903F0B8
:103080000403002B11D04FF080439B684FF0804227
:1030900023F001039360FB7A002B03D04FF08043B1
:1030A00000221A644FF0FF334FE04FF080430222BA
:1030B000DA6002E0FB68013BFB604FF08043DB69B4
:1030C00003F00103002B02D0FB68002BF2D14FF07C
:1030D0008043DB6903F00203002B11D04FF08043E3
:1030E0009B684FF0804223F001039360FB7A002B32
:1030F00003D04FF0804300221A646FF0010324E0F4
:10310000FB68002B11D14FF080439B684FF0804249
:1031100023F001039360FB7A002B03D04FF0804330
:1031200000221A646FF002030FE04FF080439B68A7
:103130004FF0804223F001039360FB7A002B03D011
:103140004FF0804300221A64002318461437BD460E
:103150005DF8047B704700BF8096980000300E40F9
:1031600080B584B000AFF860B9607A607A68B968F9
:10317000F868FFF7CBFE034618461037BD4680BD02
:1031800080B487B000AFF860B9607A60FB6803F183
:103190000473DA00BB6813449B007B617B697A6827
:1031A0001A6000BF1C37BD465DF8047B7047000005
:1031B00080B582B000AF0346FB71FB791A4600214F
:1031C0000348FFF7DDFF00BF0837BD4680BD00BFE5
:1031D0000020064080B483B000AF78607B681B7825
:1031E000002B01D0012200E000227B685B78002BDD
:1031F00001D0042300E0002313437A689278002A68
:1032000001D0102200E0002213437A68D278002A0D
:1032100001D0202200E000221A437B681B791B02A8
:103220001A437B685B791B031A437B689B799B037A
:1032300013437A68D279002A02D04FF4004200E0AA
:1032400000221A437B681B7A1B0413437A68527A64
:10325000002A02D04FF4003200E000220449134358
:103260000B6000BF0C37BD465DF8047B704700BFA4
:103270000020064080B483B000AF78607B681B4AB2
:10328000934227D07B681A4A934223D07B68194A1D
:1032900093421FD07B68184A93421BD07B68174A21
:1032A000934217D07B68164A934213D07B68154A25
:1032B00093420FD07B68144A93420BD07B68134A29
:1032C000934207D07B68124A934203D07B68114A2D
:1032D000934201D1012300E0002303F00103DBB29C
:1032E00018460C37BD465DF8047B704700800140EE
:1032F0000084014000880140008C014000900140A2
:10330000009401400098014000A0014000A4014049
:1033100000A8014000AC014080B584B000AF7860E7
:1033200039607868FFF7A6FF0023FB603B681B78D5
:1033300083F00103DBB2002B02D07B6802225A60CB
:103340007B6800225A623B689B781A063B68DB78F0
:103350001B041A433B689B799B021A433B68DB7949
:103360001B0213433A68127A13433A685278002AD0
:1033700001D0402200E0002213433A68527A002A2A
:1033800001D0802200E0002213433A68927A002A9A
:1033900001D0202200E0002213433A68D27A002AAA
:1033A00001D0102200E0002213433A68127B002A69
:1033B00001D0082200E000221343FB603B681B7928
:1033C000002B02D04FF4005200E000223B685B79F2
:1033D000002B02D04FF0805300E000231343FA6823
:1033E0001343FB607B68FA681A603B681B78002B0C
:1033F00002D07B6801225A6000BF1037BD4680BDF5
:1034000080B483B000AF0346FB7197F90730002BFF
:103410000BDBFB7903F01F02074997F907305B09C3
:10342000012000FA02F241F8232000BF0C37BD460C
:103430005DF8047B704700BF00E100E080B485B018
:1034400000AF786039607B6803F10473DA003B6891
:1034500013449B00FB60FB681B6818461437BD468D
:103460005DF8047B7047000080B483B000AF7860E3
:10347000044A7B68C2F8243400BF0C37BD465DF8AF
:10348000047B70470080084080B483B000AF786050
:10349000074BD3F828247B68DB4305491340C1F868
:1034A000283400BF0C37BD465DF8047B704700BF71
:1034B0000080084080B483B000AF7860064BD3F83A
:1034C000282405497B681343C1F8283400BF0C3712
:1034D000BD465DF8047B70470080084080B400AFB3
:1034E000034BD3F81C341846BD465DF8047B704787
:1034F0000080084080B582B000AF03463960FB71A0
:10350000FB79002B16D0FB79012B13D0FB79022B12
:1035100010D0FB79032B0DD0FB79042B0AD0FB795B
:10352000052B07D0FB79062B04D0FB79072B01D0A4
:10353000FB79082BFA7913465B0013441B011C33FB
:1035400003F1804303F5082339681846FFF776FF37
:10355000034618460837BD4680BD80B483B000AF2F
:1035600078607B685B6A18460C37BD465DF8047B63
:103570007047000080B500AF01210D48FDF7CCF881
:103580000023032200210020FEF7C0FC00230322B9
:1035900003210020FEF7BAFC0023032204210020AF
:1035A000FEF7B4FC0320FFF72BFF00BF80BD00BF78
:1035B00000550A0080B500AF00210020FFF79AFFF8
:1035C0000346184680BD80B500AF03210020FFF7F9
:1035D00091FF0346DBB2184680BD80B500AF0421E1
:1035E0000020FFF787FF0346DBB2184680BD0000CE
:1035F00080B582B000AFFFF771FF78607868FFF7A1
:1036000033FF7B6803F00103002B35D01C4B1B7884
:10361000002B0CD01B48FFF7A0FF02461A4B1A6084
:10362000174B00221A70194B01221A8005E0174B24
:103630001B8801339AB2154B1A80154B1B78002B4F
:1036400018D01048FFF789FF0246124B1A60114B41
:103650001A680D4B1B68D31A0C4A1288B3FBF2F39D
:103660000D4A13600A4B00221A700B4B1B68184658
:1036700004F0E0F802F0CEF900BF0837BD4680BD87
:103680009D00002000A00140A0000020A800002014
:103690009E000020A4000020AC00002080B500AFF8
:1036A0000120FFF7E1FE0120FFF704FF00BF80BD0E
:1036B00080B500AF0120FFF7E7FE00BF80BD00002E
:1036C00080B400AF034B00221A7000BFBD465DF806
:1036D000047B7047F800002080B400AF034B1B78D8
:1036E0001846BD465DF8047B704700BFF800002017
:1036F00080B483B000AF0346FB71044AFB791370BA
:1037000000BF0C37BD465DF8047B7047F800002011
:1037100080B500AF1F4B1B78032B39D801A252F89C
:1037200023F000BF353700004D3700005F37000041
:1037300071370000FFF751FF0346012B21D1154BD4
:1037400001221A70144804F02BFA1AE0FFF745FF23
:103750000346002B17D10F4B00221A7013E0FFF71E
:103760003CFF0346002B10D10A4B03221A700CE0D9
:10377000FFF733FF0346012B09D1064B02221A70D3
:1037800005E000BF04E000BF02E000BF00E000BFB2
:1037900000BF80BDF80000203898000080B400AF62
:1037A000034B00221A7000BFBD465DF8047B7047D2
:1037B000F900002080B400AF034B1B781846BD46CB
:1037C0005DF8047B704700BFF900002080B483B02F
:1037D00000AF0346FB71044AFB79137000BF0C373E
:1037E000BD465DF8047B7047F900002080B500AF4E
:1037F000264B1B78032B46D801A252F823F000BFBA
:1038000011380000433800005538000067380000C8
:10381000FFF7D9FE0346012B2ED11D4B1B78013338
:10382000DAB21B4B1A701A4B1B78EF2B24D9174BAB
:1038300001221A70164B00221A70164804F0B0F9D3
:103840001AE0FFF7C0FE0346002B17D10F4B0022F2
:103850001A7013E0FFF7B7FE0346002B10D10B4B95
:1038600003221A700CE0FFF7AEFE0346012B09D1CC
:10387000064B02221A7005E000BF04E000BF02E020
:1038800000BF00E000BF00BF80BD00BFF900002006
:10389000B00000205098000080B582B000AF034611
:1038A000FB71FB79032B1BD801A252F823F000BF58
:1038B000C1380000C9380000D1380000D9380000F4
:1038C000094804F06DF90BE0084804F069F907E0D5
:1038D000074804F065F903E0064804F061F900BF09
:1038E00000BF0837BD4680BD689800007C98000086
:1038F000889800009498000080B485B000AF78608C
:1039000039607B6803F1C063FB60FB683A681A604A
:1039100000BF1437BD465DF8047B704780B485B0A6
:1039200000AF786039607B6803F18063FB60FB68FF
:103930003A681A6000BF1437BD465DF8047B7047D3
:1039400080B582B000AF03463960FB71FB79002B74
:1039500016D0FB79012B13D0FB79022B10D0FB7909
:10396000032B0DD0FB79042B0AD0FB79052B07D054
:10397000FB79062B04D0FB79072B01D0FB79082BB0
:10398000FA7913465B0013441B010C3303F18043A7
:1039900003F5082301213A6801FA02F2114618469C
:1039A000FFF7BCFF00BF0837BD4680BD80B582B0C1
:1039B00000AF03463960FB71FB79002B16D0FB7911
:1039C000012B13D0FB79022B10D0FB79032B0DD0E8
:1039D000FB79042B0AD0FB79052B07D0FB79062B4A
:1039E00004D0FB79072B01D0FB79082BFA79134619
:1039F0005B0013441B010C3303F1804303F50823E0
:103A000001213A6801FA02F211461846FFF774FFE5
:103A100000BF0837BD4680BD80B483B000AF034609
:103A20003960FB71FB79002B16D0FB79012B13D089
:103A3000FB79022B10D0FB79032B0DD0FB79042BE3
:103A40000AD0FB79052B07D0FB79062B04D0FB7934
:103A5000072B01D0FB79082B01223B6802FA03F304
:103A60000749FA79184613465B0013441B010B44BF
:103A70001833186000BF0C37BD465DF8047B7047F3
:103A80000080084080B500AF01211448FCF744FED7
:103A90000023042208210020FEF738FA0023042224
:103AA00005210320FEF732FA002304220621032019
:103AB000FEF72CFA0023042208210320FEF726FA41
:103AC0000023042202210320FEF720FA002304220F
:103AD00003210320FEF71AFA00BF80BD00550A003B
:103AE00080B500AF08210020FFF760FF00BF80BD58
:103AF00080B500AF08210020FFF722FF00BF80BD86
:103B000080B500AF08210020FFF786FF00BF80BD11
:103B100080B500AF05210320FFF748FF00BF80BD3F
:103B200080B500AF05210320FFF70AFF00BF80BD6D
:103B300080B500AF05210320FFF76EFF00BF80BDF9
:103B400080B500AF06210320FFF730FF00BF80BD26
:103B500080B500AF06210320FFF7F2FE00BF80BD55
:103B600080B500AF06210320FFF756FF00BF80BDE0
:103B700080B500AF08210320FFF718FF00BF80BD0C
:103B800080B500AF08210320FFF7DAFE00BF80BD3B
:103B900080B500AF08210320FFF73EFF00BF80BDC6
:103BA00080B500AF02210320FFF700FF00BF80BDFA
:103BB00080B500AF02210320FFF7C2FE00BF80BD29
:103BC00080B500AF02210320FFF726FF00BF80BDB4
:103BD00080B500AF03210320FFF7E8FE00BF80BDE2
:103BE00080B500AF03210320FFF7AAFE00BF80BD10
:103BF00080B500AF03210320FFF70EFF00BF80BD9B
:103C000080B582B000AF144803F00AFC0023FB71BA
:103C100016E0FB79104A0133002102F83310FB79DA
:103C20000D4A0133DB00134400225A70FB790A4A23
:103C30000133DB00134400225A60FB790133FB712E
:103C4000FB791D2BE5D9044B0022C3F8F82000BFF7
:103C50000837BD4680BD00BF9401002080B500AF8D
:103C600000F0ECF90346012B03D0022B06D0002B09
:103C700015E0FFF7C5FF00F05BF910E0094B5B7939
:103C8000002B09D1074B1B79002B05D1054BDB78A5
:103C9000002B01D1FFF7B4FF00F04AF900BF00BFCD
:103CA00080BD00BF9401002080B485B000AF786073
:103CB00039607B68FB603B68BB60FB685A68BB6827
:103CC0005B689A4201D2012309E0FB685A68BB682D
:103CD0005B689A4202D94FF0FF3300E00023184698
:103CE0001437BD465DF8047B70470000F0B5ADF5B4
:103CF0000F7D04AF3B1DF0225049184604F0C6FC6E
:103D0000381D4F4B08221E2104F00BFD4D4803F0D7
:103D100047FF4D4803F044FF4C4B5B791D464B4B2E
:103D20001B791E46494BDB781A46484B1B781946CF
:103D3000464B5B781C46454B9B7807F1F400039398
:103D400002940191009233462A46414904F010FE44
:103D500007F1F403184603F023FF3E4803F020FF69
:103D60003D4803F01DFF0023C7F82032002387F8E9
:103D7000273239E097F827323A1DDB0013445B689D
:103D8000002B2BD097F827223B1D13F83230194611
:103D900097F827323A1DDB0013445B781C4697F8EE
:103DA00027323A1DDB0013445B6807F1F4000093EF
:103DB00023460A46294904F0DBFD07F1F4031846BF
:103DC00003F0EEFE97F827323A1DDB0013445B68E0
:103DD000D7F820221344C7F8203200E000BF97F83C
:103DE0002732013387F8273297F827321D2BC1D9A4
:103DF000184803F0D5FE07F1F403D7F8202218493C
:103E0000184604F0B5FD07F1F403184603F0C8FEA8
:103E10000E4BD3F8F82007F1F4031249184604F0CA
:103E2000A7FD07F1F403184603F0BAFE094803F0B2
:103E3000B7FE00BF07F50B77BD46F0BD9C01002023
:103E4000A93C0000A0980000BC980000940100204C
:103E5000D4980000F49800000C9900002499000008
:103E60003C9900005099000080B485B000AF034633
:103E70000A46FB711346BB710023FB733CE0FB7BDE
:103E8000224A013312F83330FA799A4215D1FB7B7A
:103E90001E4A0133DB0013445B78BA799A420CD195
:103EA000FA7B1A49531CDB000B445B68591C17480A
:103EB000531CDB000344596021E0FB7B134A0133B0
:103EC00012F83330002B14D1FB7B10490133FA79FF
:103ED00001F83320FB7B0D4A0133DB001344BA7930
:103EE0005A70FB7B094A0133DB00134401225A60FC
:103EF00005E0FB7B0133FB73FB7B1D2BBFD900BFB0
:103F00001437BD465DF8047B704700BF9401002064
:103F100080B400AF054BD3F8F8300133034AC2F840
:103F2000F83000BFBD465DF8047B70479401002067
:103F3000B0B586B000AF6B461D46FC233B613B69C4
:103F400008337B617B6903F00303002B04D07B699A
:103F500023F0030304337B6178690346013BFB6074
:103F600001464FF000024FF000034FF00004D40070
:103F700044EA5174CB0001464FF000024FF00003B9
:103F80004FF00004D40044EA5174CB00C31DDB0899
:103F9000DB00ADEB030D6B460033BB60BB687A6999
:103FA000FF21184604F07DFBBB681E4A1A60BB68FF
:103FB00004333A691A60BB680833FC221A49184670
:103FC00004F064FBFEF7ECFE1848FFF72DF80346FB
:103FD000FB7197F90730002B06D0FEF7FBFE144863
:103FE00003F0DEFD012318E0BB687A6919460F482B
:103FF000FFF7B6F80346FB7197F90730002B06D0A0
:10400000FEF7E8FE0B4803F0CBFD022305E0FEF7C8
:10401000E1FE094803F0C4FD0023AD4618461837F9
:10402000BD46B0BD00415453940100200008E00F8C
:1040300064990000809900009C99000080B582B0CE
:1040400000AF134B7B607B681B68124A934204D01D
:10405000114803F0A5FD012315E07B685B683B6018
:104060003B68FC2B04D00D4803F09AFD02230AE0C4
:104070007B680833FC221946094804F007FB09480D
:1040800003F08EFD002318460837BD4680BD00BFF3
:104090000008E00F00415453B8990000D499000083
:1040A00094010020F0990000B0B586B000AF6B46D7
:1040B0001D468F233B613B6908337B617B6903F0BD
:1040C0000303002B04D07B6923F0030304337B61DB
:1040D00078690346013BFB6001464FF000024FF058
:1040E00000034FF00004D40044EA5174CB000146B1
:1040F0004FF000024FF000034FF00004D40044EAF8
:104100005174CB00C31DDB08DB00ADEB030D6B4628
:104110000033BB60BB687A69FF21184604F0C1FA1E
:10412000BB681F4A1A60BB6804333A691A60BB68EF
:1041300008338F221B49184604F0A8FAFEF730FE18
:104140004FF07E60FEF770FF0346FB7197F9073072
:10415000002B06D0FEF73EFE134803F021FD01239D
:1041600019E0BB687A6919464FF07E60FEF7F8FFE8
:104170000346FB7197F90730002B06D0FEF72AFEA5
:104180000A4803F00DFD022305E0FEF723FE084870
:1041900003F006FD0023AD4618461837BD46B0BDF6
:1041A00000494354FC0000200C9A0000249A0000AF
:1041B0003C9A000080B582B000AF4FF07E637B6018
:1041C0007B681B68104A934204D0104803F0E8FC57
:1041D000012315E07B685B683B603B688F2B04D054
:1041E0000B4803F0DDFC02230AE07B6808338F22D2
:1041F0001946084804F04AFA074803F0D1FC0023A6
:1042000018460837BD4680BD00494354589A0000FF
:10421000709A0000FC000020989A000080B483B0DF
:1042200000AF654B0F221A70634B03225A70624B2A
:1042300001229A70604B0222DA705F4B0A221A71D7
:104240005D4B0B225A715C4B0C229A715A4B012226
:10425000DA710023FB7107E0FB79574A134400220F
:104260001A72FB790133FB71FB790E2BF4D9002311
:10427000FB713EE0FA79504913465B0013445B0042
:104280000B44173300221A70FA794B4913465B002E
:1042900013445B000B44183300221A70FA79464924
:1042A00013465B0013445B000B44193300221A7061
:1042B000FA79414913465B0013445B000B441A33FF
:1042C00000221A70FA793C4913465B0013445B00E4
:1042D0000B441B3300221A70FA79374913465B00EE
:1042E00013445B000B441C3300221A70FB7901332A
:1042F000FB71FB79132BBDD92F4B03229A752E4BE3
:104300000F22DA752C4BFF221A762B4BFF225A769E
:10431000294B04229A76284B0222DA76264B022277
:104320001A77254B0F225A77234BFF229A77224B7D
:104330000222DA77204B082283F820201E4B02222B
:1043400083F821201C4B022283F822201A4B0F22D3
:1043500083F82320184B0F2283F82420164BFF22CA
:1043600083F82520144B022283F82620124B0922C1
:1043700083F82720104B022283F828200E4B0F22AF
:1043800083F829200C4B002283F82A200A4B0222B2
:1043900083F82B20084B042283F82C20064B0422A0
:1043A00083F82D20044B022283F82E2000BF0C3707
:1043B000BD465DF8047B7047FC00002080B483B0EC
:1043C00000AF0023FB7107E0FB79084A1344002289
:1043D0001A72FB790133FB71FB790E2BF4D900BF04
:1043E0000C37BD465DF8047B704700BFFC00002021
:1043F00080B483B000AF0023FB713EE0FA7923491B
:1044000013465B0013445B000B44173300221A7001
:10441000FA791E4913465B0013445B000B441833C2
:1044200000221A70FA79194913465B0013445B00A5
:104430000B44193300221A70FA79144913465B00B1
:1044400013445B000B441A3300221A70FA790F49A7
:1044500013465B0013445B000B441B3300221A70AD
:10446000FA790A4913465B0013445B000B441C3382
:1044700000221A70FB790133FB71FB79132BBDD934
:1044800000BF0C37BD465DF8047B7047FC00002080
:1044900080B5C0B000AF00237B6007F10803F622AF
:1044A0000021184604F0FDF8C44803F079FBC44825
:1044B00003F076FBC34803F073FBC34803F070FBC3
:1044C000C24803F06DFBC24B1B781A463B1DC14925
:1044D000184604F04DFA3B1D184603F061FBBC4B37
:1044E0005B781A463B1DBC49184604F041FA3B1D57
:1044F000184603F055FBB64B9B781A463B1DB7494F
:10450000184604F035FA3B1D184603F049FBB04B42
:10451000DB781A463B1DB249184604F029FA3B1DC8
:10452000184603F03DFBAA4B1B791A463B1DAD49CB
:10453000184604F01DFA3B1D184603F031FBA44B4E
:104540005B791A463B1DA849184604F011FA3B1D39
:10455000184603F025FB9E4B9B791A463B1DA34949
:10456000184604F005FA3B1D184603F019FB984B5A
:10457000DB791A463B1D9E49184604F0F9F93B1DAC
:10458000184603F00DFB9B4803F00AFB002387F855
:10459000FF3010E097F8FF305A1C3B1D9649184633
:1045A00004F0E6F93B1D184603F0FAFA97F8FF30DD
:1045B000013387F8FF3097F8FF300E2BEAD98F4888
:1045C00003F0EEFA002387F8FF301EE097F8FF3083
:1045D0007F4A13441B7A002B0FD097F8FF307C4A98
:1045E00013441B7A1A463B1D8349184604F0C0F950
:1045F0003B1D184603F0D4FA02E0814803F0D0FADC
:1046000097F8FF30013387F8FF3097F8FF300E2B13
:10461000DCD97C4803F0C4FA7B4803F0C1FA0023DC
:1046200087F8FF30002387F8FF30A9E097F8FF20D4
:10463000674913465B0013445B000B4417331B7838
:10464000002B00F0988097F8FF20614913465B002B
:1046500013445B000B4417331B781A463B1D6B4910
:10466000184604F085F93B1D184603F099FA97F8AF
:10467000FF20574913465B0013445B000B4418337B
:104680001B78FF2B03D1624803F08AFA13E097F8F6
:10469000FF204F4913465B0013445B000B44183363
:1046A0001B781A463B1D5B49184604F061F93B1D17
:1046B000184603F075FA97F8FF20454913465B004A
:1046C00013445B000B4419331B78FF2B03D1504874
:1046D00003F066FA13E097F8FF203D4913465B00AC
:1046E00013445B000B4419331B781A463B1D4949A0
:1046F000184604F03DF93B1D184603F051FA97F8AF
:10470000FF20334913465B0013445B000B441A330C
:104710001B781A463B1D4049184604F029F93B1DF9
:10472000184603F03DFA97F8FF20294913465B002D
:1047300013445B000B441B331B781A463B1D354961
:10474000184604F015F93B1D184603F029FA97F8AE
:10475000FF201F4913465B0013445B000B441C33CE
:104760001B781A463B1D2D49184604F001F93B1DE4
:10477000184603F015FA97F8FF30013387F8FF3039
:1047800097F8FF30132B7FF651AF104803F008FA6B
:10479000234B1A683B1D2349184604F0E9F83B1DDA
:1047A000184603F0FDF902F0CBFE084803F0F8F9D3
:1047B00000BF07F58077BD4680BD00BFB49A0000FA
:1047C000EC9A0000F89A0000FC9A0000189B000088
:1047D000FC0000204C9B0000609B0000709B0000D0
:1047E000809B0000909B0000A09B0000B09B0000FD
:1047F000C09B0000D09B0000089C0000109C0000A3
:10480000189C00001C9C0000509C0000789C00003C
:10481000849C00008C9C0000949C0000A09C0000E4
:1048200090010020AC9C000090B48AB000AF034619
:10483000FB710B46BB7113467B715D4B07F108049E
:104840000FCB84E80F0000237B6259E059497A6A54
:1048500013465B0013445B000B4417331B78FA7953
:104860009A424AD153497A6A13465B0013445B006B
:104870000B4418331B78FB764E497A6A13465B006B
:1048800013445B000B4419331B78BB76FB7EFF2B74
:1048900009D1BB7EFF2B06D1BB68B3F1FF3F2CD102
:1048A0007B6ABB6029E0FB7EFF2B0AD1BA7E7B7955
:1048B0009A4206D1FB68B3F1FF3F1ED17B6AFB60D1
:1048C0001BE0FA7EBB799A4209D1BB7EFF2B06D151
:1048D0003B69B3F1FF3F10D17B6A3B610DE0FA7E8B
:1048E000BB799A4209D1BA7E7B799A4205D17B691C
:1048F000B3F1FF3F01D17B6A7B617B6A01337B624D
:104900007B6A132BA2DD4FF0FF333B620323FB6175
:1049100015E0FB699B0007F12802134453F8203C83
:10492000B3F1FF3F08D0FB699B0007F12802134455
:1049300053F8203C3B6205E0FB69013BFB61FB69EE
:10494000002BE6DA3B6AB3F1FF3F0AD11A4B002293
:104950001A70194B00225A70174B00229A700123CB
:1049600021E014493A6A13465B0013445B000B4490
:104970001A331A78104B1A700E493A6A13465B00C4
:1049800013445B000B441B331A780B4B5A700949D4
:104990003A6A13465B0013445B000B441C331A78DD
:1049A000054B9A70002318462837BD4690BC7047C7
:1049B000C09C0000FC0000208C01002080B400AFEF
:1049C000BFF34F8F054BDB6803F4E0620349044BF0
:1049D0001343CB60BFF34F8F00BFFDE700ED00E056
:1049E0000400FA0580B500AFFFF7E8FF00BF80BD07
:1049F00080B483B000AF0023FB7106E0FB79084A66
:104A00000021D154FB790133FB7197F90730002B5A
:104A1000F4DA00BF0C37BD465DF8047B704700BF79
:104A20009002002090B5CFB002AF314802F0D2FF23
:104A3000304B1B7819462F4B1B78013B2D4A1344F2
:104A40001B7A1C462B4B1B791A462A4B5B7938463E
:104A50000193009223460A46274903F089FF3B460B
:104A6000184602F0B7FF234B9B791A46214B5B781F
:104A70003846224903F07CFF3B46184602F0AAFF65
:104A80001C4B9B781A461B4BDB7838461C4903F0BD
:104A90006FFF3B46184602F09DFF1A4802F09AFF4E
:104AA000194802F097FF002387F82F3113E097F899
:104AB0002F31104A13441B7A1A463B4613491846B5
:104AC00003F056FF3B46184602F084FF97F82F315B
:104AD000013387F82F3197F82F310E2BE7D90C4887
:104AE00002F078FF00BF07F59A77BD4690BD00BF82
:104AF000D09C0000FC000020E49C0000FC9C000016
:104B0000109D0000249D00002C9D0000909D000041
:104B1000989D0000F0B5D1B004AF3A4802F05AFFBA
:104B2000002387F82F315FE097F82F21364913468D
:104B30005B0013445B000B4417331B78002B58D0E9
:104B400097F82F21304913465B0013445B000B4458
:104B500017331B789C4697F82F212B4913465B008F
:104B600013445B000B4418331B789E4697F82F21A3
:104B7000254913465B0013445B000B4419331B7833
:104B80001C4697F82F21204913465B0013445B0015
:104B90000B441A331B781D4697F82F211A491346E8
:104BA0005B0013445B000B441B331B781E4697F8D5
:104BB0002F21154913465B0013445B000B441C3343
:104BC0001B7838460393029601950094734662461B
:104BD0000E4903F0CDFE3B46184602F0FBFE97F867
:104BE0002F31013387F82F3197F82F31132B9BD9B1
:104BF00000E000BF064802F0EDFE00BF07F59A771F
:104C0000BD46F0BDBC9E0000FC000020C09E000020
:104C1000E09E000080B5CCB000AF134802F0C0FFAA
:104C2000002387F82F3112E097F82F310F4AD35C19
:104C30001A463B460E49184603F09AFE3B46184674
:104C400002F0AEFF97F82F31013387F82F3197F933
:104C50002F31002BE8DA074802F0A2FF00BF07F56A
:104C60009877BD4680BD00BFE49E00009002002002
:104C7000909D0000F09E000080B582B000AF244BF4
:104C80001B78332B3FD1224B5B78CC2B3BD1214877
:104C900002F086FF1E4B1A791F4B1A701C4B9A7933
:104CA0001D4B1A711A4BDA791B4B5A71184B5A7AF1
:104CB000194B9A71164B9A7A174B5A70144B1A7BF0
:104CC000154B9A70124B5A7B134BDA70104B1A7CAF
:104CD000114BDA71FFF772FB0023FB710CE0FB79DB
:104CE00003F12902FB790A49895C0B4A13440A46FD
:104CF0001A72FB790133FB71FB790E2BEFD9074850
:104D000002F04EFF00E000BF0837BD4680BD00BF87
:104D100090020020F49E0000FC000020F09E0000A5
:104D200080B5CEB000AF0246FB1D1A70FB1D1B788C
:104D3000002B00F0A380FB1D1B78142B00F29E803B
:104D4000514802F02DFFFB1D1A7807F108034F4967
:104D5000184603F00DFE07F10803184602F020FF85
:104D6000FFF746FB002387F837317CE097F83721BF
:104D700013465B0013445B00194697F83721444BF8
:104D8000585C444913465B0013445B000B441733E3
:104D900002461A7097F8372113465B0013445B00F4
:104DA000013397F837213A49C85C3A4913465B000A
:104DB00013445B000B44183302461A7097F83721EE
:104DC00013465B0013445B00023397F837213049E8
:104DD000C85C304913465B0013445B000B44193335
:104DE00002461A7097F8372113465B0013445B00A4
:104DF000033397F837212649C85C264913465B00E0
:104E000013445B000B441A3302461A7097F837219B
:104E100013465B0013445B00043397F837211C49A9
:104E2000C85C1C4913465B0013445B000B441B33F6
:104E300002461A7097F8372113465B0013445B0053
:104E4000053397F837211249C85C124913465B00B5
:104E500013445B000B441C3302461A7097F8373139
:104E6000013387F83731FB1D97F837211B789A42B9
:104E7000FFF47CAF084802F093FE00E000BF07F5A6
:104E80009C77BD4680BD00BF089F00001C9F0000AE
:104E900090020020FC000020249F000080B5B8B0E4
:104EA00000AF0346FB71C34A07F10C0392E803000D
:104EB000186004331980C04B1B78002B03D0BE4B05
:104EC0001B78052B01D1FEF73BFEBC4B1B780C2B4E
:104ED00000F2E58201A252F823F000BF114F00005A
:104EE000214F0000035300002553000069530000C8
:104EF0001354000047540000695100008551000020
:104F000095510000A5510000F95100001552000014
:104F1000FB793F2B40F0C782A84B01221A70C2E2F6
:104F2000FB79303B202B00F2178101A252F823F0CD
:104F3000B54F000059510000C34F00005D50000004
:104F400071500000595100002151000059510000DA
:104F500059510000595100005951000059510000A9
:104F60005951000059510000595100005951000099
:104F70005951000059510000595100005951000089
:104F80005951000059510000595100005951000079
:104F90005951000059510000595100005951000069
:104FA0005951000059510000595100005951000059
:104FB00051510000824802F00DFD804B00221A7012
:104FC000D1E07D4B1B78052B00F2CA8001A252F87C
:104FD00023F000BFED4F0000F54F0000FD4F000033
:104FE000055000000D50000037500000754802F0D9
:104FF000F1FC32E0734802F0EDFC2EE0724802F062
:10500000E9FC2AE0704802F0E5FC26E06F4802F077
:10501000E1FC6F4B93F8893219466E48FDF720F892
:105020006B4B93F88D3219466A48FDF719F8624BBD
:1050300005221A7011E0654802F0CCFC644B93F82D
:10504000893219466348FDF70BF8614B93F88D32AE
:1050500019466048FDF704F800BF81E05E4802F0A1
:10506000B9FC554B01221A70544B07221A707AE092
:10507000514B1B78052B75D1554B93F884321A464A
:1050800007F114035549184603F072FC07F11403A5
:10509000184602F09FFC002387F8DF3029E0002348
:1050A00087F8DE3019E097F8DF30494A52F82320BC
:1050B00097F8DE304FF0004121FA03F31340002B44
:1050C00003D1474802F086FC02E0464802F082FC29
:1050D00097F8DE30013387F8DE3097F8DE30142B96
:1050E000E1D9414802F076FC97F8DF30013387F8C8
:1050F000DF30374B93F8803297F8DF209A42CED3D7
:10510000334B93F880321A4607F114033749184697
:1051100003F02EFC07F11403184602F05BFC21E0BB
:10512000334B1B781946324B1B78013B304A1344F2
:105130001B7A07F114000A462E4903F019FC07F107
:105140001403184602F046FC1C4B00221A700AE0B9
:105150001A4B02221A7006E0184B00221A7002E065
:1051600000BFD6E100BFD4E1194AFB7982F884324E
:10517000FB791B01DAB2164B83F880220F4B082211
:105180001A70C6E1124AFB7982F889320B4B092268
:105190001A70BEE10E4AFB7982F88132074B0A226F
:1051A0001A70B6E10A4AFB7982F88632034B0B2269
:1051B0001A70AEE1A8A00000E0000020B4000020BA
:1051C0002C9F0000309F00003C9F0000449F000087
:1051D0001003002000400140489F0000509F000045
:1051E0005C9F0000609F0000649F0000689F0000BB
:1051F000FC000020709F0000AD4AFB7982F88B32E2
:10520000AC4B00221A60AC4B00221A60AB4B0C2254
:105210001A707EE1FB79452B2CD1A54B93F8843293
:105220001A464FF4A87303FB02F31A46A14B1B68FE
:105230009A420BD1A24802F0CDFBA24802F0B0FC8A
:10524000A14B02221A70FEF77BFC0FE09F4802F090
:10525000C1FB984B1A6807F114039D49184603F0E7
:1052600087FB07F11403184602F09AFC934B0022C7
:105270001A7039E08F4B1B6801338E4A13608E4BD6
:105280001B685B008C4A1360FB79312B04D18A4B7D
:105290001B680133884A1360864B19688D4BA3FB4A
:1052A0000123CA1A520813441A0913465B00134417
:1052B000DA00D21A8A1A002A16D17F4B1B68DB0249
:1052C0007D4A13607B4B1A68824BA3FB0213D21AF0
:1052D000520813441B09013B774A1268744941F88C
:1052E0002320754B00221A60724B1B68B3F5526F76
:1052F00040F2DB80784802F053FC704B00221A70B9
:10530000D3E0FB79432B09D1744802F063FB6B4B6C
:1053100003221A70674B00221A60FAE0674B0022E2
:105320001A70F6E0634B1B6807F1E002134413F8B0
:10533000D43CFA799A4210D15E4B1B6801335D4A26
:1053400013605C4B1B68052B40F0E280644802F060
:1053500041FB5A4B04221A70DAE05C4802F03AFB37
:10536000564B00221A70D3E0FB79652B0DD0652BCC
:1053700004DC212B2DD03F2B34D037E0792B1CD0EF
:105380007A2B0ED0702B06D030E0FFF74BFB4B4B47
:1053900004221A7039E0FFF7BDFB484B04221A7053
:1053A00033E0504802F016FB424B00221A60FFF730
:1053B0001FFB424B05221A7027E04B4802F00AFB04
:1053C0003C4B00221A60FFF713FB3C4B06221A707D
:1053D0001BE0464802F0FEFA384B00221A70FFF735
:1053E00001FB12E0354B01221A700EE0404802F03A
:1053F000F1FAFB7919463F48FCF732FE3E4802F0CD
:10540000E9FA3E4802F0E6FA00BF3D4802F0E2FA4F
:105410007FE0284B1B687F2B0AD8264B1B68394935
:10542000FA79CA54234B1B680133224A136070E097
:10543000FFF7F0FBFFF720FC314802F0CBFA1F4BDF
:1054400004221A7065E0FB79802B03D0194B1B688E
:105450007A2B19D9174B1B682A49FA79CA542A485A
:1054600002F0B8FAFFF7D6FB124B1B68274AA2FBE3
:1054700003239B08DBB21846FFF752FCFEF714FE2D
:105480000E4B04221A7044E00A4B1B681D49FA793E
:10549000CA54084B1B680133064A136039E0074BB6
:1054A00000221A7035E000BF33E000BF31E000BFDA
:1054B00010030020B8000020BC000020B400002031
:1054C000789F00007C9F0000E0000020989F000073
:1054D000A09F000087611886D89F000008A00000E8
:1054E00034A000003CA0000040A0000064A0000028
:1054F0006CA000000040014070A0000074A00000FB
:1055000084A00000900200208CA00000ABAAAAAAF0
:1055100000BF074B1B78002B03D0054B1B78052BD6
:1055200001D1FEF715FB00BFE037BD4680BD00BFCF
:10553000E000002080B483B000AF78607B680D4A43
:1055400093420BD07B680C4A934207D07B680B4A8E
:10555000934203D07B680A4A934202D14FF0FF3353
:1055600001E04FF6FF7318460C37BD465DF8047B2B
:10557000704700BF00A0014000A4014000A8014006
:1055800000AC014080B582B000AF786039607868C7
:10559000FFF7D0FF7B683A685A6200BF0837BD4604
:1055A00080BD80B485B000AF786039607B6803F15E
:1055B000C063FB60FB683A681A6000BF1437BD46E1
:1055C0005DF8047B704780B485B000AF78603960C7
:1055D0007B6803F18063FB60FB683A681A6000BF78
:1055E0001437BD465DF8047B7047000080B483B07B
:1055F00000AF7860044A7B68C2F8243400BF0C37DF
:10560000BD465DF8047B70470080084080B582B0DD
:1056100000AF03463960FB71FB79002B16D0FB7994
:10562000012B13D0FB79022B10D0FB79032B0DD06B
:10563000FB79042B0AD0FB79052B07D0FB79062BCD
:1056400004D0FB79072B01D0FB79082BFA7913469C
:105650005B0013441B010C3303F1804303F5082363
:1056600001213A6801FA02F211461846FFF7ABFF32
:1056700000BF0837BD4680BD80B582B000AF03468D
:105680003960FB71FB79002B16D0FB79012B13D00D
:10569000FB79022B10D0FB79032B0DD0FB79042B67
:1056A0000AD0FB79052B07D0FB79062B04D0FB79B8
:1056B000072B01D0FB79082BFA7913465B001344C2
:1056C0001B010C3303F1804303F5082301213A68E1
:1056D00001FA02F211461846FFF763FF00BF0837D0
:1056E000BD4680BD80B483B000AF03463960FB7116
:1056F000FB79002B16D0FB79012B13D0FB79022B01
:1057000010D0FB79032B0DD0FB79042B0AD0FB7949
:10571000052B07D0FB79062B04D0FB79072B01D092
:10572000FB79082B01223B6802FA03F30749FA7957
:10573000184613465B0013441B010B4418331860D2
:1057400000BF0C37BD465DF8047B70470080084001
:1057500080B485B000AF78600B46FB70FB78002BFF
:1057600002D0FB78202B01D900230DE0FB78013B10
:10577000FB73FB7B7A6822FA03F303F00103002B2F
:1057800001D0012300E0002318461437BD465DF820
:10579000047B704780B487B000AF78607B6823F0EB
:1057A00001037B61124BFB6000233B6113E03B690B
:1057B000C3F11F037A6922FA03F303F00103002BFC
:1057C00006D0FA683B6922FA03F37A6953407B6199
:1057D0003B6901333B613B69142BE8DD7A6940F298
:1057E000FE73134018461C37BD465DF8047B7047B6
:1057F000000020ED80B485B000AF78600023FB602E
:105800000023BB600DE07A68BB6822FA03F303F063
:105810000103002B02D0FB680133FB60BB6801333E
:10582000BB60BB681F2BEEDDFB6803F00103002BA0
:105830000CBF01230023DBB218461437BD465DF8C8
:10584000047B704780B584B000AF786039603B68F6
:1058500000221A707868FFF79DFF0346002B07D1DE
:105860007868FFF7C7FF0346002B01D07B6821E073
:105870000023FB601AE00122FB6802FA03F37A6856
:105880005340BB60B868FFF785FF0346002B0AD181
:10589000B868FFF7AFFF0346002B04D03B68012236
:1058A0001A70BB6806E0FB680133FB60FB681F2BC6
:1058B000E1DD7B6818461037BD4680BD80B48DB0F1
:1058C00000AF78607B68002B63D040F269737B6126
:1058D0000023FB6255E07B68FA6A53F822303B6193
:1058E0003B692F4A934248D03B69DB0AFB60FB6867
:1058F0009B02BB6214237B6211E07B6A0A330122A4
:105900009A40BB6A1340002B06D07A697B6A02FA80
:1059100003F3BA6A5340BB627B6A013B7B627B6ADA
:10592000002BEADAFB68DA02BB6A590040F2FE7328
:105930000B4013433B623B6AFB610023FB760CE0A8
:10594000FB695BB203F001035AB297F91B30534075
:105950005BB2FB76FB695B08FB61FB69002BEFD157
:10596000FB7E002B03D03B6A43F001033B627B6864
:10597000FA6A396A43F8221000E000BFFB6A01337B
:10598000FB627B6893F880321A46FB6A9342A2DB83
:1059900000E000BF3437BD465DF8047B704700BFB0
:1059A00097C1897A80B582B002AF144B00221A7079
:1059B000134B002283F88022124B00221A70124BE4
:1059C00000221A60114B00221A70114B00221A702B
:1059D00001230193012300930123002200210020D1
:1059E000FCF7FAF90120FFF701FEFDF757FE01F081
:1059F000C9FE01F0F1FE00BFBD4680BDC000002021
:105A000038080020D1000020C40000209D000020A4
:105A10009E00002080B400AF044BDB69034A5B08A2
:105A2000536200BFBD465DF8047B704700840140AF
:105A300080B500AF074B00221A7002210020FFF74B
:105A40001BFEFEF79DF8FFF7ADFF034B00221A7017
:105A500000BF80BDD1000020C000002080B582B012
:105A600000AF0346FB71FB79012B0BD10121002014
:105A7000FFF702FE0B4B1B78012B0ED10A4802F0F8
:105A80008FF80AE001210020FFF7C0FD054B1B78CD
:105A9000012B02D1054802F083F800BF0837BD464C
:105AA00080BD00BF10000020B0A00000B4A0000026
:105AB00080B500AF5F4B1B78032B00F2B98001A2C9
:105AC00052F823F0235C0000D55A00001D5B000053
:105AD0006F5B0000584B1B889BB201339AB2564B48
:105AE0001A8001210020FFF7FDFD534B1B889BB25C
:105AF000B3F5107F40F097804F4B00221A804F4B38
:105B000000221A804B4B02221A704D4B1B78012B3E
:105B100040F089804B4802F043F884E0464B1B88F4
:105B20009BB201339AB2444B1A80434B1B889BB201
:105B3000DBB2C3F12103DBB219464348FFF708FE8D
:105B400003461846FFF78AFF3B4B1B889BB2202B6E
:105B50006BD1394B00221A80364B03221A70384B16
:105B60001B78012B61D1374802F01AF85DE0324B07
:105B70001B889BB201339AB22F4B1A802F4B1B8884
:105B80009BB21A46314B53F822202B4B1B889BB2F9
:105B9000DBB2C3F12103DBB219461046FFF7D8FD93
:105BA00003461846FFF75AFF234B1B889BB2202B56
:105BB0003DD1214B00221A80204B1B889BB2013320
:105BC0009AB21E4B1A801E4B1B78012B02D11D4826
:105BD00001F0E6FF1D4B93F880329AB2174B1B88F9
:105BE0009BB29A4207D8FFF723FF194801F0D8FF6C
:105BF00001F0A6FC1BE0114B1B889BB203F00F03C6
:105C00009BB2002B13D10C4B00221A80094B0222AD
:105C10001A700B4B1B78012B09D10A4801F0C0FF09
:105C200005E000BF04E000BF02E000BF00E000BFED
:105C300000BF80BDD1000020D2000020D400002091
:105C400010000020B8A00000D815D27CA4050020C8
:105C5000BCA0000080B582B000AFFDF7ABFC0346EE
:105C6000002B14BF01230023DBB2FB717E4B1B68AA
:105C70005A00FB7913437C4A13607C4B1B78DBB2E0
:105C8000052B00F2EE8001A252F823F0A55C000083
:105C9000ED5C0000275D00007D5D0000635E00009C
:105CA0004D5E0000FDF72CFF6F4B1B68B3F1AA3F60
:105CB00005D06D4B1B68B3F1553F40F0CB806B4B6B
:105CC00001221A7001F0D0FD694B00221A800021D8
:105CD0006848FFF757FC684B00221A80674B012287
:105CE0001A70FDF705FFFDF713FFB3E0604B1B884B
:105CF0009BB201339AB25E4B1A805B4B1B68B3F1C7
:105D0000AA3F00F0A980584B1B68B3F1553F00F043
:105D1000A380564B02221A70594B01221A70544B21
:105D200000221A8098E0504B1B68564A93420FD1CC
:105D30004E4B03221A704E4B00221A80524B012206
:105D40001A70524B002283F88022FDF7B1FC85E0E7
:105D5000474B1B889BB201339AB2454B1A80444B88
:105D60001B889BB21F2B79D901F07EFDFDF796FCB5
:105D70003E4B00221A70FDF7D3FE6FE03C4B1B88B0
:105D80009BB201339AB23A4B1A803F4B1B78002BDF
:105D900009D1374B1B889BB2012B04D1FDF77EFC48
:105DA0003B4B00225A62384B1B78002B06D1304BFC
:105DB0001B889BB2022B01D1FDF77AFC2C4B1B8870
:105DC0009BB21F2B4CD92A4B00221A802E4B1B78DA
:105DD000002B0ED1244B1B682A4A93421CD0234B24
:105DE00004221A7001F040FDFDF758FCFDF798FE03
:105DF00037E0264B93F880329F2B0DD8234B93F836
:105E000080325A1CD1B2214A82F880121946164BB0
:105E10001B681E4A42F821301B4B1B780133DAB253
:105E2000194B1A70184B1B78102B02D9164B0022F5
:105E30001A70164B93F880329F2B11D90B4B04220A
:105E40001A7001F011FDFDF729FC09E0FFF730FEA3
:105E500000BF06E000BF04E000BF02E000BF00E0BA
:105E600000BF0837BD4680BDC4000020C000002030
:105E7000C800002000A00140A80000209D000020D4
:105E80009E000020D815D27CE100002038080020B8
:105E90000084014080B500AF1C4801F081FE1C4B1E
:105EA0001B78DBB2052B27D801A252F823F000BFE4
:105EB000C95E0000D15E0000D95E0000E15E000016
:105EC000E95E0000F15E0000124801F069FE17E093
:105ED000114801F065FE13E0104801F061FE0FE08B
:105EE0000F4801F05DFE0BE00E4801F059FE07E09F
:105EF0000D4801F055FE03E00C4801F051FE00BFD3
:105F00000B4801F04DFE00BF80BD00BFD0A00000D7
:105F1000C0000020DCA00000ECA00000FCA00000FD
:105F20000CA100001CA100002CA1000040A1000059
:105F300048A1000080B588B000AF786039607B6808
:105F4000DB0AC3F313033B610023FB6160E0344BC6
:105F50001B685B00324A1360FB69C3F113033A69A3
:105F600022FA03F303F00103002B05D02C4B1B682E
:105F700043F001032A4A13602A4B1B780133DAB23B
:105F8000284B1A70274B1B78072B3ED10023FB763A
:105F900000237B6118E001227B6902FA03F31A46B1
:105FA0001F4B1B681340002B0BD07B69C3F106030A
:105FB000012202FA03F35AB297F91B3013435BB282
:105FC000FB767B6901337B617B69062BE3DDFB7E1E
:105FD0001F2B14D9FB7E7E2B11D8386802F0E8FC09
:105FE000F860FB68772B0AD83A68FB681344FA7E9E
:105FF0001A70FB6801333A68134400221A70084B88
:1060000000221A60074B00221A70FB690133FB6102
:10601000FB69132B9BDD00BF2037BD4680BD00BF51
:10602000CC000020D000002080B483B000AF7860A6
:106030007B68002B78D07B689B681B0CDBB203F07D
:106040001F03DAB27B6883F886227B685B685B0E8D
:10605000DBB203F03F03DAB27B6883F884227B680B
:106060001B681B0EDBB203F00F03DAB27B6883F808
:1060700085227B681B681B0CDBB203F01F03DAB2BE
:106080007B6883F887227B689B689B0EDBB203F0FA
:106090001F03DAB27B6883F888227B681B681B0BBE
:1060A000DBB203F00F03DAB27B6883F889227B68E6
:1060B0005B681B0CDBB203F01F03DAB27B6883F86A
:1060C0008A227B681B685B0DDBB203F00703DAB240
:1060D0007B6883F88B227B681B681B0FDBB203F0A5
:1060E0000303DAB27B6883F88C227B689B685B0DC4
:1060F000DBB203F01F03DAB27B6883F88D227B6882
:106100005B68DB0ADBB203F01F03DAB27B6883F85B
:106110008E227B685B685B0DDBB203F00F03DAB2A3
:106120007B6883F88F2200E000BF0C37BD465DF826
:10613000047B704780B487B000AF78607B68002B29
:1061400000F0AD807B681B687B617B6923F0405366
:106150007B617B6923F070637B617B6923F460035F
:106160007B617B6923F4F8137B617B6923F47043C3
:106170007B617B6893F88C321B0703F040537A698C
:1061800013437B617B6893F885321B0603F07063D1
:106190007A6913437B617B6893F88B325B0503F468
:1061A00060037A6913437B617B6893F887321B0431
:1061B00003F4F8137A6913437B617B6893F889329F
:1061C0001B039BB27A6913437B617B687A691A600F
:1061D0007B685B683B613B6923F0FC433B613B6947
:1061E00023F0F0733B613B6923F4F8133B613B6997
:1061F00023F478433B617B6893F884325B0603F0B9
:10620000FC433A6913433B617B6893F88F325B052B
:1062100003F0F0733A6913433B617B6893F88A3269
:106220001B0403F4F8133A6913433B617B6893F84A
:106230008E32DB029BB23A6913433B617B683A6959
:106240005A607B689B68FB60FB6823F0F843FB6047
:10625000FB6823F07873FB60FB6823F4F813FB60A2
:106260007B6893F888329B0603F0F843FA6813437F
:10627000FB607B6893F88D325B0503F07873FA68F6
:106280001343FB607B6893F886321B0403F4F81316
:10629000FA681343FB607B68FA689A6000E000BF0D
:1062A0001C37BD465DF8047B704780B584B000AFF5
:1062B00078607B68002B64D07B6893F88832013B60
:1062C000002B00DA03339B10DBB20333BB737B6814
:1062D00093F88832013B5A4203F0030302F00302B1
:1062E00058BF5342C3F10303DBB21A469200134472
:1062F000DBB20B337B737B6893F89032FB73FDF753
:1063000062F90346012B02D1FB7B1033FB73FDF7CF
:1063100064F90346012B02D1FB7B0833FB73BA7B84
:106320007B6853F822107B7B1F2202FA03F3DB43C6
:10633000BA7B19407B6843F82210BA7B7B6853F81C
:106340002210FB7B03F01F027B7B02FA03F3BA7B74
:1063500019437B6843F822107B68DB6ADB0D3B73D3
:106360003B7B01333B737B68DB6A23F0FF427B6836
:10637000DA627B68DA6A3B7BDB051A437B68DA62A8
:1063800000E000BF1037BD4680BD000090B5ABB047
:1063900002AF01F037FAFDF78BF9864B05221A7030
:1063A000854B93F88E32002B53D1FDF795F90346B8
:1063B000012B0FD1804B93F888227F4B83F88E22DC
:1063C0007D4B0C2283F88F220220FDF791F97B4848
:1063D00001F0E6FBFDF780F90346032B0FD1764B66
:1063E00093F88822744B83F88E22734B042283F82F
:1063F0008F220020FDF77CF9714801F0D1FBFDF7F9
:10640000D9F90346012B0FD16B4B93F888226A4BC5
:1064100083F88E22684B0B2283F88F220220FDF72F
:10642000D5F9684801F0BCFBFDF7C4F90346032B1E
:106430000FD1614B93F888225F4B83F88E225E4B1D
:10644000032283F88F220020FDF7C0F95E4801F097
:10645000A7FB5948FFF76EFE574B93F88B32012B81
:1064600002D15548FFF721FF5348FFF727FA574855
:1064700001F096FB564801F093FB4F4B93F88B329B
:10648000012B04D0022B0AD0002B04D00BE0514882
:1064900001F086FB07E0504801F082FB03E04F4823
:1064A00001F07EFB00BF444B93F885321946424B06
:1064B00093F888321C46404B93F887321A463E4B7D
:1064C00093F8893238460193009223460A4644499C
:1064D00002F04EFA3B46184601F062FB364B93F849
:1064E00086321A46344B93F884321946324B93F86D
:1064F0008A32384600930B463A4902F039FA3B4655
:10650000184601F04DFB384801F04AFB2A4B93F83E
:106510008C32012B0BD0022B05D0002B0BD1334832
:1065200001F03EFB07E0324801F03AFB03E031485E
:1065300001F036FB00BF204B93F88D321A461E4BFC
:1065400093F88E3219461C4B93F88F3238460093DD
:106550000B46294902F00CFA3B46184601F020FB95
:10656000264B1B781A46254B5B781946234B9B78A4
:10657000384600930B46224902F0FAF93B4618468A
:1065800001F00EFB1F4B01221A701F4B00221A80D4
:1065900001210020FFF73AF802210020FFF736F82A
:1065A000FDF7E6FA01F060F901F016F900BFA43733
:1065B000BD4690BDC0000020A40500204CA10000F5
:1065C00070A1000090A10000B4A10000D4A10000BF
:1065D000ECA10000F8A1000000A2000008A2000049
:1065E00014A2000038A2000058A200006CA2000013
:1065F00074A200007CA2000088A200008C01002090
:10660000B4A20000D1000020D20000200000000051
:1066100090B5EFB002AFB84B1B78DBB2042B40F063
:10662000FD8307F10803184680231A46002102F073
:1066300038F8B24B00221A60B14B00221A70B148F0
:1066400001F0AEFAB04B012283F882220023A7F8B2
:10665000AE318BE0B7F8AE31AB4A52F82330C7F811
:106660008831D7F88831A94A934212D1A84B1B78B8
:10667000012B75D1B7F8AE315A1C07F18803A54933
:10668000184602F075F907F18803184601F088FAF8
:1066900067E0FB1D00221A70FB1D1946D7F8880120
:1066A000FFF7D0F8C7F88401D7F88401FFF772F834
:1066B0000346002B08D1D7F88401FFF79BF8034667
:1066C000002B01D0012300E0002387F8833197F8E5
:1066D000833103F0010387F8833197F88331002B6E
:1066E00007D0B7F8AE318849D7F8842141F8232084
:1066F00003E0854B002283F88222854B1B78012B17
:1067000023D1B7F8AE31591CB7F8AE317E4A52F8F2
:10671000234097F88331002B01D07F4B00E07F4B63
:10672000FA1D1278002A01D07D4A00E07D4A07F167
:1067300088000192009323460A467B4902F018F92B
:1067400007F18803184601F02BFAB7F8AE31022B97
:1067500007D16D4B93F882226B4B83F8832200E0C4
:1067600000BFB7F8AE310133A7F8AE31664B93F8EE
:1067700080329BB2B7F8AE219A42FFF46BAF624809
:10678000FFF752FC604B93F88232002B0ED05E4B29
:1067900093F884321B015C4A92F8802293420CBF2A
:1067A00001230023DAB2584B83F88222564B93F828
:1067B0008232002B03D05D4801F0F2F90EE05C4814
:1067C00001F0EEF9504B93F88332002B03D0594877
:1067D00001F0E6F902E0584801F0E2F94A4B93F87B
:1067E0008B32012B04D0022B0AD0002B04D00BE0FB
:1067F000524801F0D5F907E0514801F0D1F903E022
:10680000504801F0CDF900BF3F4B93F8853219464F
:106810003D4B93F888321C463B4B93F887321A461F
:10682000394B93F8893207F188000193009223468F
:106830000A46454902F09CF807F18803184601F022
:10684000AFF9314B93F886321A462F4B93F88432C6
:1068500019462D4B93F88A3207F1880000930B46B6
:106860003A4902F085F807F18803184601F098F9D3
:10687000374B1B684FF000041A4623461CA1D1E990
:10688000000101F04BFD03460C46C7F8A431D7F8D0
:10689000A431304AA2FB03239C09D7F8A4212D4B35
:1068A000A3FB02139B094FF47A7101FB03F3D31A84
:1068B00007F188002246284902F05AF807F18803B8
:1068C000184601F06DF9254801F06AF90E4B93F86E
:1068D0008C32012B48D0022B05D0002B48D1204808
:1068E00001F05EF944E01F4801F05AF940E000BFB2
:1068F00000D088C310000000C0000020CC000020A1
:10690000D0000020ECA200003808002097C1897A4E
:106910001000002004A3000014A3000018A300002E
:106920001CA3000024A3000028A300003CA3000037
:1069300048A3000054A3000060A30000F8A10000D9
:1069400000A2000008A2000014A200006CA3000036
:10695000AC000020D34D62108CA3000058A20000B0
:106960006CA2000074A20000BE4801F019F900BF3B
:10697000BD4B93F88D321A46BB4B93F88E321946B5
:10698000B94B93F88F3207F1880000930B46B74953
:1069900001F0EEFF07F18803184601F001F9B24B50
:1069A00093F88232002B00F0CE80AF4B93F88B32FD
:1069B000002B40F0C88007F1080300221A70AC4B8E
:1069C00000221A60AB4B00221A70002387F8AD3109
:1069D0000323A7F8AA3197E0B7F8AA31A24A52F8E0
:1069E0002330C7F8A031D7F8A031A34A934200F072
:1069F0008380BB1D00221A70BB1D1946D7F8A00169
:106A0000FEF720FFC7F89C01D7F89C01FEF7C2FEF5
:106A10000346002B72D1D7F89C01FEF7EBFE03462C
:106A200083F00103DBB2002B68D1D7F89C31002B37
:106A300056DB97F8AD31002B11D0904801F0B0F83B
:106A400007F108031B78002B02D007F1080300E0D0
:106A50008B4B184601F0A4F88A4801F0A1F8B7F86A
:106A6000AA31DBB203F00F0387F89B3197F89B3113
:106A70005B0887F89A31D7F89C315B0BC3F311039D
:106A8000C7F89431D7F89431DA0097F89A3103F0C7
:106A900007031343C7F89031D7F89C31DB0ADBB208
:106AA00003F0030387F88F3197F88F3107F18800DF
:106AB000D7F89021744901F05BFF07F1880318466D
:106AC00001F06EF807F1080300221A70684B0022EB
:106AD0001A60684B00221A70012387F8AD310EE06E
:106AE00097F8AD31002B0AD007F108031946D7F803
:106AF0009C01FFF71FFA02E000BF00E000BFB7F8FB
:106B0000AA310133A7F8AA31574B93F880329BB2D0
:106B1000B7F8AA219A42FFF45FAF97F8AD31002B86
:106B200011D0564801F03CF807F108031B78002B00
:106B300002D007F1080300E0514B184601F030F88D
:106B4000504801F02DF8514801F02AF800F0F8FC07
:106B5000454B93F88232002B0AD0434B93F88522A1
:106B6000414B93F8883219461046FDF77DF901E054
:106B7000FDF7CEF9FCF7D4FF3B4B93F88B32022B99
:106B800000F0F580384B93F88232002B00F0EC8057
:106B9000354B93F88722344B93F88532013B3C49BF
:106BA0000B441B7A9A4240F0B1802F4B93F88A2213
:106BB0002D4B93F88532013B35490B441B7A9A42A1
:106BC0002DD1344A284B104619464FF425731A46E6
:106BD00001F05CFD2F4B93F887222E4B83F888221F
:106BE0002C4B002283F88C222B4B00221A702B4B4B
:106BF0001B78032B0BD12A4A1B4B104619464FF426
:106C000025731A4601F042FD244B04221A702548D0
:106C100000F0C6FFFCF79CFFFFF7B8FBFFE0124B4C
:106C200093F88502104B93F889120F4B93F8883232
:106C30001A46FDF7F9FD0346002B63D1154A0A4BAE
:106C4000104619464FF425731A4601F01FFD114BEB
:106C500093F88C32012B29D1134B9A780D4B83F882
:106C6000872228E07CA200003808002088A20000CB
:106C7000CC000020D000002097C1897A9CA300009E
:106C8000A4A3000048A10000B0A30000C8A3000016
:106C9000FC000020A4050020D6000020E000002019
:106CA00010030020DCA300008C0100205E4B1A784A
:106CB0005E4B83F887225E4B93F88532013B5D4A39
:106CC00013441A7A594B83F88822584B93F88C3224
:106CD000022B10D1584B01221A70564B9B7801336E
:106CE0001A46564B1A60534B5B7801331A46544B85
:106CF0001A60FCF725FF4D4B012283F89022FFF725
:106D000045FB8CE04F4800F04BFF88E04E4800F018
:106D100047FF494B1B78012B03D0474B1B78022BB5
:106D20001FD1434B93F88522404B93F885329A420A
:106D300017D13F4B93F888223C4B93F887329A4205
:106D40000FD13D4B00221A70404800F029FF404B04
:106D50001B78002B03D03E4B1B78052B01D1FCF791
:106D6000F7FEFEF71FFE5AE0FEF71CFE57E0304B21
:106D700093F88332002B52D02D4B93F887222C4B63
:106D800093F88532013B2B490B441B7A9A423FD141
:106D9000304800F005FF254A254B104619464FF4B0
:106DA00025731A4601F072FC204B93F888221F4B82
:106DB00083F887221E4B93F887221C4B83F8882286
:106DC0001A4B93F8803263F07F03DBB21B06174A3D
:106DD000D360164BDA68204B1343144AD360042364
:106DE00087F8A9310AE097F8A931104A1B4942F8FF
:106DF000231097F8A931013387F8A9310B4B93F889
:106E0000803297F8A9219A42EDD3FFF7BFFA06E046
:106E1000134800F0C5FEFEF7C5FD00E000BF07F512
:106E2000DA77BD4690BD00BF8C010020A40500208C
:106E300038080020FC000020D6000020D8000020E8
:106E4000DC000020F0A300001CA4000028A4000027
:106E5000E00000203CA4000097C1890A97C1897A0C
:106E600060A4000080B500AF4A4B1B78DBB2002B5A
:106E700040F08D80484B1B78012B03D0022B41D072
:106E8000002B84E0454B1B68013B444A1360434B95
:106E90001B68002B78D1424B1B68013B404A1360B2
:106EA0003F4B1B68002B1DD13B4B02221A703D4B00
:106EB0005A783D4B83F887223C4BDB7801331A46E6
:106EC000374B1A60394B5B7801331A46334B1A60E3
:106ED000374800F065FE344B032283F89022FFF719
:106EE00055FA51E0314B5B7801331A462B4B1A604F
:106EF000304800F055FE2C4B022283F89022FFF719
:106F000045FA41E0254B1B68013B244A1360234BA3
:106F10001B68002B3AD1224B1B68013B204A1360AF
:106F20001F4B1B68002B1FD11B4B00221A701D4BDF
:106F30009A781D4B83F887221B4B012283F88C2201
:106F4000174B00221A60154B00221A601A4800F0F5
:106F500027FE154B93F890320433DAB2124B83F8C4
:106F60009022FFF713FA11E0104B5B7801331A46B9
:106F70000A4B1A600E4800F013FE0B4B032283F8F5
:106F80009022FFF703FA01E000BF00E000BF00BF5E
:106F900080BD00BFC0000020D6000020DC00002023
:106FA000D80000208C010020A4050020FC00002057
:106FB00080A4000094A40000A8A4000090B5C3B071
:106FC00002AF5A4B1B78052B00F2AA8001A252F89F
:106FD00023F000BF1F7100001F710000ED6F000063
:106FE0001F7100001F7100001F710000504B1B78C3
:106FF000DBB2002B40F094804E4B1B78002B40F00E
:107000008F804D4B93F88B32002B02D0012B04D094
:1070100007E04A4800F0C4FD03E0494800F0C0FD25
:1070200000BF454B93F889321946434B93F886329B
:107030001C46414B93F884321A463F4B93F88132F9
:10704000381D0193009223460A463E4901F090FC08
:107050003B1D184600F0A4FD3B4800F0A1FD00F0E8
:107060006FFA354B93F884321B01DAB2324B83F856
:107070008022364B1A78304B83F88522334B1B78AD
:10708000013B324A13441A7A2B4B83F888222A4B4D
:1070900093F88822284B83F88A22274B022283F810
:1070A0008C22254B002283F88D22234B002283F86B
:1070B0008E22214B002283F88F221F4B93F88502EA
:1070C0001D4B93F889121C4B93F888321A46FDF732
:1070D000ABFB0346002B1ED11D4B1A78164B83F8D1
:1070E00087221C4A144B104619464FF425731A4642
:1070F00001F0CCFA184B01221A70144B9B78013323
:107100001A46164B1A60114B5B7801331A46144B22
:107110001A60FFF73BF9054B03221A7000E000BF2D
:1071200000BF07F58277BD4690BD00BFE00000209C
:10713000C0000020D100002010030020BCA40000EB
:10714000D0A40000E4A4000010A50000FC00002072
:107150008C010020A4050020D6000020D8000020CB
:10716000DC00002080B400AF034B5B691846BD46CD
:107170005DF8047B704700BF0020064080B483B0F8
:1071800000AF7860044A7B68536100BF0C37BD468E
:107190005DF8047B704700BF0020064080B400AF5C
:1071A000034B044A9A6300BFBD465DF8047B7047F9
:1071B000002006401751FFFF80B400AF034B1B694E
:1071C0001846BD465DF8047B704700BF00200640AE
:1071D00080B483B000AF7860044A7B68136100BF5D
:1071E0000C37BD465DF8047B704700BF00200640A9
:1071F00080B400AF044B4AF6E8629A6300BFBD4614
:107200005DF8047B704700BF0020064080B584B065
:1072100000AF01211348F9F77FFA03211248F9F76B
:10722000A3FE01211148F9F777FAFFF7E1FF104AB1
:107230003B1D07CA03C31A8001233B7100237B71E6
:107240000023BB710023FB7100237B720F233B7271
:1072500001233B733B1D1846FBF7BCFF00BF1037F3
:10726000BD4680BD30053E0005002400A009140085
:1072700028A50000F0B593B004AF78607B68002BC0
:1072800000F0C6807B685B791D467B681B791E46D3
:107290007B68DB781A467B681B7819467B685B78CD
:1072A0001C467B689B7807F10800039302940191C8
:1072B000009233462A46584901F05AFB07F1080369
:1072C000184600F06DFC7B689A78544BA3FB0213C0
:1072D000D9080B469B000B445B00D31ADBB219465E
:1072E0007B689B784D4AA2FB0323DB08DBB21B01C2
:1072F00041EA03007B685A78484BA3FB0213D90884
:107300000B469B000B445B00D31ADBB21B0240EA26
:1073100003027B685B784149A1FB0313DB08DBB206
:107320001B0342EA03007B681A783C4BA3FB021361
:10733000D9080B469B000B445B00D31ADBB21B043D
:1073400040EA03027B681B783449A1FB0313DB0886
:10735000DBB21B0513437B637B68DA782F4BA3FBFF
:107360000213D9080B469B000B445B00D31ADBB217
:1073700019467B68DB78294AA2FB0323DB08DBB2D2
:107380001B0141EA03007B681A79244BA3FB02131B
:10739000D9080B469B000B445B00D31ADBB21B02DF
:1073A00040EA03027B681B791C49A1FB0313DB083D
:1073B000DBB21B0342EA03007B685A79174BA3FB3D
:1073C0000213D9080B469B000B445B00D31ADBB2B7
:1073D0001B0440EA03027B685B791049A1FB03139D
:1073E000DB08DBB21B0513433B63FFF701FF002003
:1073F000FBF7DEFE786BFFF7EBFE386BFFF7BEFEA8
:107400000120FBF7D5FEFFF7C9FE00F07BFD00E091
:1074100000BF3C37BD46F0BD34A50000CDCCCCCC80
:1074200080B584B000AF78607B68002B00F083806B
:10743000FFF7C2FEF860FFF795FEB860FB681B0916
:10744000DBB203F00703DBB21A46920013445B0081
:10745000DAB2FB68DBB203F00F03DBB21344DAB23B
:107460007B689A70FB681B0BDBB203F00703DBB28F
:107470001A46920013445B00DAB2FB681B0ADBB2C7
:1074800003F00F03DBB21344DAB27B685A70FB6877
:107490001B0DDBB203F00303DBB21A469200134468
:1074A0005B00DAB2FB681B0CDBB203F00F03DBB24C
:1074B0001344DAB27B681A70BB681B09DBB203F0B5
:1074C0000303DBB21A46920013445B00DAB2BB68D6
:1074D000DBB203F00F03DBB21344DAB27B68DA707D
:1074E000BB681B0BDBB203F00103DBB21A46920050
:1074F00013445B00DAB2BB681B0ADBB203F00F0374
:10750000DBB21344DAB27B681A71BB681B0DDBB2C5
:1075100003F00F03DBB21A46920013445B00DAB2A9
:10752000BB681B0CDBB203F00F03DBB21344DAB20F
:107530007B685A7100E000BF1037BD4680BD000077
:10754000F0B591B004AF07F128031846FFF768FFC4
:1075500097F82D301D4697F82C301E4697F82B30A3
:1075600097F8282097F8291097F82A0004463846FB
:10757000039402910192009333462A46054901F093
:10758000F7F93B46184600F00BFB00BF3437BD4609
:10759000F0BD00BF6CA5000080B483B000AF03460F
:1075A000FB7197F90730002B0BDBFB7903F01F020F
:1075B000074997F907305B09012000FA02F241F808
:1075C000232000BF0C37BD465DF8047B704700BF29
:1075D00000E100E080B483B000AF0346FB7197F98F
:1075E0000730002B0CDBFB7903F01F02074997F9EA
:1075F00007305B09012000FA02F2603341F82320D2
:1076000000BF0C37BD465DF8047B704700E100E029
:1076100080B500AF01211448F9F77EF8134B002222
:107620001A60124B00225A62104B42F25422DA6165
:107630000E4B4FF020621A600C4B40F6F7725A6105
:107640000A4B01229A610520FFF7C4FF0520FFF7CE
:10765000A3FF064B01225A60054B00221A70054B0E
:1076600000221A6000BF80BD0002060000800140B9
:10767000D00A0020CC0A002080B400AF0E4B0122BB
:107680005A610E4B1B78DBB20133DBB20B4A194651
:107690001170072B0AD9094B00221A70084B0122DE
:1076A0001A70084B1B680133064A136000BFBD46C1
:1076B0005DF8047B704700BF00800140E2000020BD
:1076C000D00A0020CC0A002080B483B000AF03466B
:1076D000FB7197F90730002B0BDBFB7903F01F02DE
:1076E000074997F907305B09012000FA02F241F8D7
:1076F000232000BF0C37BD465DF8047B704700BFF8
:1077000000E100E080B483B000AF0346FB7197F95D
:107710000730002B10DBFB7903F01F02094997F9B2
:1077200007305B09012000FA02F2203341F82320E0
:10773000BFF34F8FBFF36F8F00BF0C37BD465DF8AF
:10774000047B704700E100E080B483B000AF0346E3
:10775000FB7197F90730002B0CDBFB7903F01F025C
:10776000074997F907305B09012000FA02F26033FC
:1077700041F8232000BF0C37BD465DF8047B7047FD
:1077800000E100E080B500AF01211148F8F7C4FF27
:10779000104B00221A600F4B00225A620D4B4EF61E
:1077A0005F22DA610B4B00221A600A4B40F6F77237
:1077B0005A61084B01229A610E20FFF7C5FF0E2087
:1077C000FFF782FF034B02225A6000BF80BD00BF5B
:1077D000001204000084014080B500AF084B002275
:1077E0005A62074B40F6F7725A610E20FFF7ACFF62
:1077F0000E20FFF769FF024B01225A6000BF80BDD7
:107800000084014080B500AF034B02225A600E2075
:10781000FFF778FF00BF80BD0084014080B500AF56
:10782000034B01225A61FEF715FA00BF80BD00BF6D
:107830000084014080B483B000AF78607B684EF272
:10784000C752934208D97B684EF6F862934203D838
:10785000044A7B68013BD36100BF0C37BD465DF82D
:10786000047B70470084014080B400AF044B4EF6A7
:107870005F22DA6100BFBD465DF8047B704700BF40
:107880000084014080B483B000AF0346FB7197F9D8
:107890000730002B0BDBFB7903F01F02074997F938
:1078A00007305B09012000FA02F241F8232000BFF3
:1078B0000C37BD465DF8047B704700BF00E100E077
:1078C00080B483B000AF0346FB7197F90730002BFB
:1078D0000CDBFB7903F01F02074997F907305B09BE
:1078E000012000FA02F2603341F8232000BF0C3778
:1078F000BD465DF8047B704700E100E080B483B0D2
:1079000000AF786039607B683A689A6400BF0C37D2
:10791000BD465DF8047B704780B483B000AF7860EB
:1079200039607B68DA6C3B681A437B68DA6400BFB5
:107930000C37BD465DF8047B7047000080B500AF92
:1079400001211F48F8F7E8FE01211E48F8F7E4FE80
:107950000123042204210220FAF7D8FA002301228D
:1079600005210220FAF7D2FA174B40F6AA62DA6034
:10797000154B00221A60144B41F205025A60134A5B
:107980004FF41651104800F0E8F90F4B03225A67E4
:107990000D4B40F204429A670B4B0522DA600C490A
:1079A0000948FFF7ABFF04210748FFF7B5FF152093
:1079B000FFF786FF1520FFF765FF00BF80BD00BF02
:1079C000004E040000550A000040014000A24A0495
:1079D000FFFF010080B582B000AF786007E07B68F0
:1079E0005A1C7A601B7819460548FAF739FB7B6800
:1079F0001B78002BF3D100BF0837BD4680BD00BF08
:107A00000040014080B582B000AF0648FAF714FB91
:107A10000346FB71FB791846FDF740FA00BF0837B3
:107A2000BD4680BD0040014080B483B000AF034636
:107A3000FB7197F90730002B0BDBFB7903F01F027A
:107A4000074997F907305B09012000FA02F241F873
:107A5000232000BF0C37BD465DF8047B704700BF94
:107A600000E100E080B483B000AF0346FB7197F9FA
:107A70000730002B0CDBFB7903F01F02074997F955
:107A800007305B09012000FA02F2603341F823203D
:107A900000BF0C37BD465DF8047B704700E100E095
:107AA00080B483B000AF786039607B683A689A64CC
:107AB00000BF0C37BD465DF8047B704780B483B0CF
:107AC00000AF786039607B68DA6C3B681A437B688A
:107AD000DA6400BF0C37BD465DF8047B70470000D8
:107AE00080B500AF01212048F8F716FE01211F489C
:107AF000F8F712FE012304220C210420FAF706FAFB
:107B0000002301220D210420FAF700FA184B40F659
:107B1000AA62DA60164B00221A60154B41F2050288
:107B20005A60144A4FF4E131114800F016F9104B35
:107B300003225A670E4B40F204429A670C4B05220F
:107B4000DA600D490A48FFF7ABFF04210848FFF748
:107B5000B5FF1720FFF786FF1720FFF765FF074BDC
:107B600000221A7000BF80BD005E040000550A00AC
:107B70000044014000A24A04FFFF0100D40B002092
:107B800080B582B000AF0346FB71FB79194603480C
:107B9000FAF766FA00BF0837BD4680BD00440140D1
:107BA00080B582B000AF786007E07B685A1C7A60CD
:107BB0001B7819460548FAF753FA7B681B78002BA7
:107BC000F3D100BF0837BD4680BD00BF004401406F
:107BD00080B582B000AF1D48FAF72EFA0346FB715C
:107BE000FB790D2B1AD11A4B1B889BB21A46194BE5
:107BF000002199541848FFF7D3FF154B1B889BB2FF
:107C0000FE2B07D8124B1B889BB2013B114AD25C5A
:107C1000124B1A700E4B00221A8013E0FB791846A3
:107C2000FFF7AEFF0A4B1B889BB2FE2B0AD8084B0E
:107C30001B889BB25A1C91B2054A11801946054A0D
:107C4000FB79535400BF0837BD4680BD0044014056
:107C5000E4000020D40A002094A50000D40B0020EA
:107C600080B483B000AF0346FB7197F90730002B57
:107C70000BDBFB7903F01F02074997F907305B091B
:107C8000012000FA02F241F8232000BF0C37BD4664
:107C90005DF8047B704700BF00E100E080B483B072
:107CA00000AF0346FB7197F90730002B10DBFB791F
:107CB00003F01F02094997F907305B09012000FA18
:107CC00002F2203341F82320BFF34F8FBFF36F8FB1
:107CD00000BF0C37BD465DF8047B704700E100E053
:107CE00080B483B000AF0346FB7197F90730002BD7
:107CF0000CDBFB7903F01F02074997F907305B099A
:107D0000012000FA02F2603341F8232000BF0C3753
:107D1000BD465DF8047B704700E100E080B483B0AD
:107D200000AF786039607B683A689A6400BF0C37AE
:107D3000BD465DF8047B704780B483B000AF7860C7
:107D400039607B68DA6C3B681A437B68DA6400BF91
:107D50000C37BD465DF8047B704780B487B000AF38
:107D6000F860B9607A6010237B617B689A00BB6819
:107D7000796901FB03F3B2FBF3F3043B9B013B6125
:107D8000FB683A695A6100BF1C37BD465DF8047B49
:107D90007047000080B500AF01211E48F8F7BCFC19
:107DA00001211D48F8F7B8FC012304220A21042010
:107DB000FAF7ACF8002301220B210420FAF7A6F809
:107DC000164B40F6AA62DA60144B00221A60134B7D
:107DD00041F205025A60124A4FF416410F48FFF76C
:107DE000BCFF0E4B03225A670C4B00229A670B4BC9
:107DF0000522DA600B490948FFF790FF0421074884
:107E0000FFF79AFF0620FFF76BFF0620FFF728FF1A
:107E100000BF80BD0072040000550A000000014050
:107E200000A24A04FFFF010080B582B000AF786075
:107E300007E07B685A1C7A601B7819460548FAF7F8
:107E40000FF97B681B78002BF3D100BF0837BD46C4
:107E500080BD00BF0000014080B485B000AF7860F5
:107E60007B681B78242B01D0002333E07B6803332D
:107E7000FB60FB681B78522B0BD1FB6801331B782E
:107E80004D2B06D1FB6802331B78432B01D1012314
:107E900020E0FB681B78472B0BD1FB6801331B7874
:107EA000472B06D1FB6802331B78412B01D10123FC
:107EB00010E0FB681B785A2B0BD1FB6801331B7851
:107EC000442B06D1FB6802331B78412B01D10123DF
:107ED00000E0002318461437BD465DF8047B704768
:107EE00080B500AF05490648FFF718FF0620FFF7E9
:107EF000F7FE0620FFF7B4FE00BF80BDFFFF0100C4
:107F00000000014080B500AF0620FFF7C7FE00BFAC
:107F100080BD80B487B000AF786039607B68002B8B
:107F200002D03B68002B01D10023D1E07B681B7895
:107F3000242B01D00023CBE07B687B6102E07B69CE
:107F400001337B617B691B78002B03D07B691B7835
:107F50002C2BF4D17B691B78002B01D10023B7E0D7
:107F60007B6901337B617B691B782F2B03D97B698C
:107F70001B78392B01D90023AAE07B691B78303BA1
:107F8000DBB21A46920013445B00DAB27B6901331C
:107F90001B781344DBB2303BDAB23B681A707B6962
:107FA00002331B78303BDBB21A46920013445B006D
:107FB000DAB27B6903331B781344DBB2303BDAB2AD
:107FC0003B685A707B6904331B78303BDBB21A463E
:107FD000920013445B00DAB27B6905331B781344CB
:107FE000DBB2303BDAB23B689A707B680333BB602C
:107FF000BB681B78522B6AD1BB6801331B784D2BB1
:1080000065D1BB6802331B78432B60D17B693B6130
:108010000023FB6016E03B6901333B613B691B7841
:10802000002B03D03B691B782C2BF4D13B691B78C8
:10803000002B01D100234BE03B6901333B61FB681E
:108040000133FB60FB68072BE8DD3B691B782F2BB6
:1080500003D93B691B78392B01D9002338E03B69F0
:108060001B78303BDBB21A46920013445B00DAB255
:108070003B6901331B781344DBB2303BDAB23B6817
:10808000DA703B6902331B78303BDBB21A46920050
:1080900013445B00DAB23B6903331B781344DBB251
:1080A000303BDAB23B681A713B6904331B78303BD2
:1080B000DBB21A46920013445B00DAB23B69053327
:1080C0001B781344DBB2303BDAB23B685A710123B0
:1080D00018461C37BD465DF8047B704780B584B0F8
:1080E00000AF5148F9F7A8FF03467B737B7B242B35
:1080F0000ED14E4B00221A804C4B1B889BB25A1C4F
:1081000091B24A4A11801946494A7B7B535487E011
:108110007B7B0A2B6DD1454B1B889BB2002B64D017
:10812000424B1B889BB2FD2B5FD8404B1B889BB2F8
:108130005A1C91B23D4A11801A463D4B0A2199546E
:108140003A4B1B889BB21A46394B00219954384848
:10815000FFF782FE03463B733B7B002B29D0354B58
:108160001B78012B02D13448FFF71AFD334BBB605B
:10817000BB681B78522B1CD1BB6801331B784D2B7D
:1081800017D1BB6802331B78432B12D13B46002228
:108190001A609A803B4619462548FFF7BAFE034607
:1081A000002B06D03B461846FFF764F8214B00220F
:1081B0001A70204B1B78012B02D11D48FFF7F0FCF1
:1081C0000023FB8108E0FA89FB891949895C1C4A74
:1081D000D154FB890133FB81144B1B889BB2FA8974
:1081E0009A42F0D9174B01221A70104B00221A80C4
:1081F00016E07B7B0D2B13D00C4B1B889BB2FE2B08
:108200000BD80A4B1B889BB25A1C91B2074A1180AB
:108210001946074A7B7B535402E0044B00221A8024
:1082200000BF1037BD4680BD00000140E6000020C1
:10823000D80C0020B30000209CA50000DB0C00201F
:10824000D80B0020E800002080B483B000AF786035
:108250007B680D4A93420BD07B680C4A934207D04F
:108260007B680B4A934203D07B680A4A934202D14F
:108270004FF0FF3301E04FF6FF7318460C37BD4651
:108280005DF8047B704700BF00A0014000A40140DE
:1082900000A8014000AC014080B582B000AF78601A
:1082A00039607868FFF7D0FF7B683A68DA6100BF11
:1082B0000837BD4680BD000080B584B000AF002106
:1082C0001348F8F7D1FA01211248F8F725FA3B468E
:1082D00000221A605A609A601A7301233B700123CE
:1082E0003B700023BB700023FB7000233B71002315
:1082F0007B703B4619460848FBF70EF84FF0FF31FC
:108300000548FFF7C9FF00BF1037BD4680BD00BF5D
:1083100060410900000E040000A0014053B94AB9B1
:10832000002908BF00281CBF4FF0FF314FF0FF307D
:1083300000F072B9ADF1080C6DE904CE00F006F85A
:10834000DDF804E0DDE9022304B070472DE9F047D1
:10835000089E04468846002B4BD18A42154667D9B1
:10836000B2FA82F24AB1C2F1200701FA02F320FA0E
:1083700007F7954047EA030894404FEA154E230C4F
:10838000B8FBFEF71FFA85FC0EFB178843EA08438B
:1083900007FB0CF1994209D9EB1807F1FF3080F087
:1083A0001B81994240F21881023F2B445B1AA4B210
:1083B000B3FBFEF00EFB103344EA034400FB0CFC5D
:1083C000A44509D92C1900F1FF3380F00781A44599
:1083D00040F2048102382C4440EA0740A4EB0C042C
:1083E00000271EB1D4400023C6E900433946BDE84A
:1083F000F0878B4209D9002E00F0EB800027C6E9F8
:10840000000138463946BDE8F087B3FA83F7002FFC
:1084100047D18B4202D3824200F2FA80841A61EB88
:10842000030301209846002EE0D0C6E90048DDE7AE
:1084300002B9FFDEB2FA82F2002A40F08F80491BB7
:108440004FEA154E1FFA85F80127B1FBFEFC230CFD
:108450000EFB1C1143EA014308FB0CF1994207D9BA
:10846000EB180CF1FF3002D2994200F2CD80844625
:10847000591AA3B2B1FBFEF00EFB101443EA0444F8
:1084800008FB00F8A04507D92C1900F1FF3302D2F0
:10849000A04500F2B6801846A4EB080440EA0C4060
:1084A0009FE7C7F1200CBB4022FA0CFE4EEA030EF8
:1084B00001FA07F420FA0CF521FA0CF34FEA1E48F2
:1084C0002543B3FBF8F92C0C08FB19331FFA8EFA7D
:1084D00044EA034309FB0AF49C4202FA07F200FA59
:1084E00007F10BD91EEB030309F1FF3080F0878001
:1084F0009C4240F28480A9F1020973441B1BADB277
:10850000B3FBF8F008FB103345EA034400FB0AFA1A
:10851000A24508D91EEB040400F1FF336BD2A2453B
:1085200069D90238744440EA0940A0FB0289A4EBEF
:108530000A044C45C2464B4654D351D0002E69D054
:10854000B1EB0A0564EB030404FA0CFCFD40FC40AB
:108550004CEA0505C6E90054002747E7C2F12003AD
:1085600020FA03F7954001FA02F021FA03F34FEAEB
:10857000154E3843010CB3FBFEF71FFA85F80EFBCE
:10858000173341EA034107FB08F38B4204FA02F474
:1085900007D9691807F1FF3C2FD28B422DD9023F32
:1085A0002944CB1A81B2B3FBFEF00EFB103341EA33
:1085B000034100FB08F38B4207D9691800F1FF3C27
:1085C00017D28B4215D902382944C91A40EA074705
:1085D0003BE73746304609E70746E7E61846FBE63D
:1085E0004145ABD2B8EB020A69EB0E0201381346E3
:1085F000A4E76046E9E7184695E76746D1E7814674
:108600007CE702382C4447E7ACF1020C2B442FE7FF
:10861000384608E73746E9E6704700BF08B5074B1C
:10862000044613B10021AFF30080054B1868836A3C
:1086300003B19847204600F0FBFD00BF000000009A
:10864000A4A5000070B50D4E0D4CA41BA410002570
:10865000A54209D10B4E0C4C00F0ECFDA41BA4105C
:108660000025A54205D170BD56F825309847013543
:10867000EEE756F8253098470135F2E778000020FC
:1086800078000020780000207C00002010B5431EF8
:108690000A44914200D110BD11F8014B03F8014F7B
:1086A000F7E702440346934200D1704703F8011BE9
:1086B000F9E7022B10B50AD09208013A03680C685A
:1086C00040F8044B002A41F8043BF6DC10BD02449C
:1086D0000C78037800F8014B01F8013B131A002BCA
:1086E000F6DCF3E7F8B50C46154607461E469847F4
:1086F0000028294620460ADAB047002805DB29462B
:108700003846B04700280ADB3C462046F8BDB04753
:108710000028FADC29463846B0470028F4DB2C460E
:10872000F3E72DE9F04F85B006468A4614460093DC
:10873000B20710D1A3070ED1271F18BF0127BAF126
:10874000060F06EB040B28D804FB0A6ADA450BD89F
:1087500005B0BDE8F08F0227F1E73B4622464946C7
:108760004046FFF7A6FF13E0D84612E0A8EB040945
:1087700041464846009B984700280CDD002FECD16D
:10878000D8F80030D9F80020C8F80020C9F8003027
:10879000C8464645EAD3A344D8E74FEA5A080AF147
:1087A000FF35BAF1070F04FB086804FB056527D005
:1087B000BAF1280F4AD94FEADA0904FB09F906EBA6
:1087C000090101EB0902009B3046FFF78BFF08EB24
:1087D000090241460190009BA8EB0900FFF782FFC8
:1087E0008046A5EB49002A46009B00EB0901FFF7F4
:1087F00079FF02464146009B0198FFF773FF8046D0
:108800003FBB3368D8F800203260C8F80030D84643
:10881000A946CDF804B00023A84557D802933146A5
:10882000009B404698470028029B2EDC0CD1BFB924
:10883000019B01991B68D8F800200A60C8F8003035
:10884000019B234401930123A044E5E72A460196B6
:10885000D0E73B46224641463046FFF72AFFD6E79F
:108860003B46224641460198FFF723FFE8E709D13E
:10887000F7B92B68D9F800202A60C9F80030A9EBB5
:1088800004090123029DA84520D803933146009B8B
:10889000284698472B1B00280293039BE7DA77B9F9
:1088A000D8F800302A68C8F800202B60029DCAE77B
:1088B0003B46224649462846FFF7FBFEDFE73B469C
:1088C000224629464046FFF7F4FEEFE704FB0A6A1A
:1088D00003BBD345BFF43CAF5D4617E03B462246A1
:1088E00041462846FFF7E5FE0FE0A5EB04082946C0
:1088F0004046009B984700280ADD002FEED12B68E8
:10890000D8F800202A60C8F800304546AE42ECD3C3
:10891000A344DEE7019BA8EB030B9A1B5A45A8BFB3
:108920005A462AB13B46A8EB02013046FFF7C1FE8A
:10893000AAEB0902A9EB0505121BAA4228BF2A4689
:108940002AB13B46AAEB02014046FFF7B2FE5C4566
:1089500006D2BBFBF4F1009B22463046FFF7E1FE56
:10896000A5427FF6F5AEAAEB0506B5FBF4FADFE605
:108970000EB400B59CB01DAB029006906FF00041A4
:10898000094807910491094953F8042B059100689F
:10899000019302A900F06EF8029B00221A701CB02D
:1089A0005DF804EB03B07047140000200802FFFFDD
:1089B000034613F8012B002AFBD1181A013870471F
:1089C0002DE9F0478E689E4282460C4690469946B5
:1089D00037D88A8912F4906F31D0256809696F1AE7
:1089E0006569022305EB450595FBF3F509F10103E4
:1089F0003B449D4238BF1D46530530D5294600F003
:108A00006FFB064650B90C23CAF80030A38943F027
:108A10004003A3814FF0FF30BDE8F0873A4621695B
:108A2000FFF734FEA38923F4906343F08003A3810E
:108A3000266165613E44ED1B2660A5604E464E45AD
:108A400000D94E4632464146206800F0E1FAA3685C
:108A50009B1BA36023681E4426600020DCE72A4697
:108A600000F098FB06460028E2D12169504600F04C
:108A7000E9FAC8E72DE9F04F9DB0804603938B8952
:108A80001D060C4616460FD50B696BB9402100F048
:108A900027FB2060206128B90C23C8F800304FF074
:108AA000FF30C7E0402363610023099320238DF842
:108AB000293030238DF82A304FF0010B37463D46E0
:108AC00015F8013B0BB1252B3ED1B7EB060A0BD0B5
:108AD0005346324621464046FFF772FF013000F010
:108AE000A480099B534409933B78002B00F09D80A0
:108AF00000234FF0FF32CDE90523049307938DF84F
:108B000053301A932F46052217F8011B4F4800F0E7
:108B10002FFA049BD0B9D90644BF20228DF85320E8
:108B20001A0744BF2B228DF853202A782A2A15D001
:108B3000079A2F4600200A25394611F8013B303BA1
:108B4000092B4DD9B8B10FE02F46B8E73F4A801A3C
:108B50000BFA00F0184304903D46D3E7039A111D29
:108B600012680391002A01DB079204E0524243F0AD
:108B70000203079204933B782E2B0CD17B782A2B8F
:108B800033D1039B1A1D1B680392002BB8BF4FF013
:108B9000FF33023705932E4D39780322284600F023
:108BA000E7F938B14023401B03FA00F0049B03436C
:108BB00001370493397827488DF8281006227E1C47
:108BC00000F0D6F9002838D0234B13BB039B0733A2
:108BD00023F0070308330393099B4B4409936DE784
:108BE00005FB023201200F46A6E70023013705935B
:108BF00019460A25384610F8012B303A092A03D9BC
:108C0000002BC8D00591C6E705FB012101230746CB
:108C1000F0E703AB00932246104B04A94046AFF3A4
:108C20000080B0F1FF3F8146D6D1A3895B063FF5B6
:108C300036AF09981DB0BDE8F08F03AB0093224614
:108C4000064B04A9404600F081F8EAE7A8A5000019
:108C5000AEA50000B2A5000000000000C189000020
:108C60002DE9F04791461F468A680B69DDF82080A0
:108C70009342B8BF1346C9F8003091F84320064626
:108C80000C4612B10133C9F800302368990642BF7F
:108C9000D9F800300233C9F80030256815F0060510
:108CA00007D104F1190AE368D9F800209B1AAB42F6
:108CB00028DC94F843302268003318BF0123920661
:108CC0002DD404F1430239463046C047013020D04C
:108CD0002368E568D9F8002003F00603042B08BFD9
:108CE000AD1AA36822690CBF25EAE57500259342F9
:108CF000C4BF9B1AED184FF000091A344D451AD124
:108D0000002008E00123524639463046C047013072
:108D100003D14FF0FF30BDE8F0870135C3E7E1181C
:108D20005A1C302081F84300224494F8451082F800
:108D300043100233C5E70123224639463046C04777
:108D40000130E6D009F10109D8E700002DE9F04330
:108D500001F1430C0C46097E85B06E291746064684
:108D600098460C9A00F0B38022D8632936D00AD8EE
:108D7000002900F0B980582900F0838004F14205F1
:108D800084F8421032E0642901D06929F6D12068C4
:108D90001368050603F104012AD51B681160002B36
:108DA00003DA2D225B4284F843206F480A2239E01F
:108DB000732900F09D8008D86F2920D07029DDD15B
:108DC000236843F02003236003E0752917D0782936
:108DD000D4D1782384F84530644855E01368191DD0
:108DE0001B68116004F1420584F8423001238CE0D5
:108DF0001B68116010F0400F18BF1BB2CFE713685B
:108E00002568181D1060280601D51B6802E0680659
:108E1000FBD51B8854486F2914BF0A220822002161
:108E200084F843106568A560002DC0F29580216824
:108E300021F004012160002B3DD1002D40F08E80F7
:108E40006546082A0BD12368DB0708D523696268C9
:108E50009A42DEBF302305F8013C05F1FF35ACEB4B
:108E600005032361CDF800803B4603AA2146304626
:108E7000FFF7F6FE01304DD14FF0FF3005B0BDE8F1
:108E8000F083394884F84510136821681D1D1B685C
:108E900015600A060BD5CA0744BF41F020012160C6
:108EA0001BB9226822F0200222601022B7E74D068B
:108EB00048BF9BB2EFE76546B3FBF2F102FB11330B
:108EC000C35C05F8013D0B460029F5D1B9E71368ED
:108ED00025686169181D106028061B6801D5196096
:108EE00002E06A06FBD51980002323616546B9E7D5
:108EF0001368191D11601D6862680021284600F082
:108F000037F808B1401B606063682361002384F870
:108F10004330A7E723692A4639463046C047013027
:108F2000AAD023689B0713D4E068039B9842B8BF7C
:108F30001846A3E701234A4639463046C047013068
:108F40009AD00135E368039A9B1AAB42F2DCEBE757
:108F5000002504F11909F5E7002BACD1037884F85A
:108F6000423004F142056CE7B9A50000CAA5000033
:108F700001F0FF01102A2BDB10F0070F08D010F8CA
:108F8000013B013A8B422DD010F0070F42B3F6D1CE
:108F9000F0B441EA012141EA014122F007047FF0E7
:108FA00000070023F0E80256083C85EA010586EA3E
:108FB000010685FA47F5A3FA87F586FA47F6A5FA7A
:108FC00087F68EB9EED1F0BC01F0FF0102F0070286
:108FD00032B110F8013B013A83EA010313B1F8D131
:108FE0000020704701387047002D06BF3546033812
:108FF000073815F0010F07D1013015F4807F02BF4B
:10900000013015F4C03F0130F0BC0138704700BF9B
:10901000884210B501EB020307D8421E99420AD0DC
:1090200011F8014B02F8014FF8E78342F5D9811896
:10903000D21AD34200D110BD13F8014D01F8014DF1
:10904000F7E7000038B50546002945D051F8043C43
:109050000C1F002BB8BFE41800F0D2F81F4A1368A9
:10906000104633B9636014602846BDE8384000F00C
:10907000C8B8A3420CD921686218934204BF1A6889
:109080005B68636004BF521822600460ECE713461B
:109090005A680AB1A242FAD919685818A0420BD1ED
:1090A00020680144581882421960DDD11068526866
:1090B0005A6001441960D7E702D90C232B60D3E72B
:1090C000206821188A4204BF11685268626004BF98
:1090D000091821605C60C7E738BD00BFEC000020C4
:1090E00070B5CD1C25F0030508350C2D38BF0C25B7
:1090F000002D064601DBA94203D90C233360002072
:1091000070BD00F07DF8214A1468214691B9204CC9
:1091100023681BB9304600F063F8206029463046CA
:1091200000F05EF8431C24D10C233360304600F07D
:1091300068F8E4E70B685B1B18D40B2B0FD90B60A6
:10914000CD50CC18304600F05CF804F10B00231D24
:1091500020F00700C31AD3D05A42E250D0E78C4225
:109160004B6816BF636013600C46EBE70C4649681A
:10917000CCE7C41C24F00304A04205D0211A3046D9
:1091800000F02EF80130CFD02560DBE7EC000020A6
:10919000F0000020F8B5074614460E4621B91146E6
:1091A000BDE8F840FFF79CBF22B9FFF74BFF25460B
:1091B0002846F8BD00F026F8A0420FD221463846D6
:1091C000FFF78EFF05460028F2D031462246FFF712
:1091D0005DFA31463846FFF735FFE9E73546E7E700
:1091E00038B5064C002305460846236000F012F807
:1091F000431C02D1236803B12B6038BDD80D002079
:109200007047704751F8043C181F002BBCBF0B5827
:10921000C0187047044A05491368002B08BF0B4665
:109220001844106018467047F4000020E00D00203C
:10923000FEE700BFF8B500BFF8BC08BC9E4670470B
:10924000F8B500BFF8BC08BC9E467047601F0D0013
:1092500090051000001F60BC40420F0090051000F8
:1092600000881300351F61BC000000000088130057
:1092700040951600351FA2BC000000004095160066
:1092800040771B00351F23AD0000000040771B0016
:1092900030322000001F60BA80841E00303220006F
:1092A00000102700351F61BA0000000000102700E1
:1092B00090512D00351FA2BA0000000090512D00E2
:1092C00080EE3600351F23AB0000000080EE360034
:1092D00060644000001F60B800093D006064400009
:1092E00000204E00351F61B80000000000204E0035
:1092F000107C5A00351FA2B800000000107C5A00F4
:1093000000BF7200001F23A9C0CF6A0000BF720017
:1093100080439100351F2499000000008043910094
:10932000C00DB400351F259900000000C00DB40029
:1093300000BADB00001F2699405DC60000BADB00C2
:1093400080730601001F27990024F4008073060132
:1093500020992C01001F4899C0EA210120992C0175
:10936000C0286B01351F499900000000C0286B011F
:1093700060EDB501001F4A9980BA8C0160EDB5011E
:1093800080011302001F6B990048E801800113025D
:1093900080138D02001F6C9980D5430280138D02CB
:1093A000805A1303001F6D99006CDC02805A13036E
:1093B00020289B03001F8E99007E560320289B03C4
:1093C00000A24A04001F8FA90090D00380A81201B8
:1093D00000000000005125020001000080F9370361
:1093E0000002000000A24A0400030000C0CF6A008F
:1093F00002000000809FD50002010000002D310115
:109400000202000000000000000600010D080E002E
:1094100054434920434F4D312D412028554152544A
:1094200030290D0A0000000054434920434F4D33BA
:109430002D432028555341525430290D0A00000075
:1094400054434920434F4D322D4220285541525418
:109450003129202D2044454255470D0A00000000C7
:109460004846584F3A203530204D487A206B727963
:109470007374616C2C2044504C4C3A203732204D90
:10948000487A0D0A0000000068656C700D0A000043
:10949000202D2D2D2D2D2D2D2D2D2D2D2D2D2D2D09
:1094A0002D2D2D2D2D2D2D2D2D2D2D2D2D2D2D2DEC
:1094B0002D0D0A002054434920636F6D6D616E6469
:1094C000733A0D0A000000002070203A2073686F84
:1094D0007720706172616D65746572730D0A0000AA
:1094E0002073203A2073686F7720737461746973F6
:1094F000746963730D0A00002064203A20746F675A
:10950000676C652076696577206F66206465746195
:10951000696C732052582F54580D0A002074203A59
:1095200020746F67676C6520766965772073656363
:109530006F6E642074696D652D7469636B0D0A002C
:109540002069203A20746F67676C652076696577BB
:10955000206F6620696E707574730D0A000000003C
:109560002061203A2073686F7720616C61726D739F
:1095700020737461747573206F6620696E707574E2
:10958000730D0A00206E203A2073686F77204750D1
:10959000532070726F746F636F6C204E4D45410D98
:1095A0000A0000002072203A2073686F772052541E
:1095B000430D0A002077203A207772697465207085
:1095C0006172616D657465727320746F20464C41E1
:1095D00053480D0A00000000206C203A206C6F6197
:1095E0006420706172616D65746572732066726F5C
:1095F0006D20464C4153480D0A00000020312E2EAC
:1096000036203A20746F67676C65204C45443A20D9
:10961000312C322C332C342C52582C54580D0A0037
:109620002043203A20636C65617220737461746911
:1096300073746963730D0A002053203A20736176B6
:1096400065207374617469737469637320746F2027
:10965000464C4153480D0A00204C203A206C6F6163
:109660006420737461746973746963732066726FC4
:109670006D20464C4153480D0A0000002054203A0A
:1096800020737461727420545820544F4B454E20FF
:1096900066726F6D206D656D6F72790D0A00000046
:1096A0002068203A20646973706C6179207468695D
:1096B000732068656C700D0A0000000053617665C8
:1096C00020706172616D657465727320746F2046DD
:1096D0004C4153480D0A00004C6F61642070617268
:1096E000616D65746572732066726F6D20464C41C2
:1096F00053480D0A000000005361766520737461C1
:1097000074697374696320746F20464C4153480D2B
:109710000A0000004C6F6164207374617469737493
:1097200069632066726F6D20464C4153480D0A00F4
:10973000537461746973746963732068617665201A
:109740006265656E20636C656172656420616E643C
:1097500020696E697469616C697A65642E0D0A000E
:109760004C454431000000004C45443200000000EC
:109770004C454433000000004C45443400000000D8
:109780004C454420525800004C4544205458000099
:10979000525854582044455441494C533A204F4E56
:1097A0000D0A0000525854582044455441494C5326
:1097B0003A204F46460D0A00414C41524D5320532A
:1097C00054415455533A202054414D5045523D0088
:1097D00020204241544552593D0000000D0A00002E
:1097E000555054494D453A20256C756420256C75BB
:1097F0006820256C756D20256C757365630D0A00F6
:109800000D0A5443493E20002E000000494E505599
:1098100054204F4E2D4241544552593A202575202F
:1098200020200000494E5055542054414D5045527F
:109830003A2025750D0A0000414C41524D3A205402
:10984000616D7065722D73746172740D0A00000091
:10985000414C41524D3A204261746572792D7374C6
:109860006172740D0A0000004E4F524D414C5F432F
:109870004F4E444954494F4E00000000414C415264
:109880004D5F535441525400414C41524D5F53453A
:109890004E540000414C41524D5F454E4400000083
:1098A0000D0A2D2D2D2D2D2D2D2D2D2D2D2D2D2D2B
:1098B0002D2D2D2D2D2D2D0D0A000000202052586C
:1098C000205354415449535449432046524F4D0D5F
:1098D0000A202000253032752D253032752D253097
:1098E000327520253032753A253032753A253032BE
:1098F000750D0A002D2D2D2D2D2D2D2D2D2D2D2DC0
:109900002D2D2D2D2D2D2D2D2D0D0A0020204E45D8
:10991000542D444155202052582D434F554E540D3F
:109920000A000000202020253032752D25303275A8
:10993000203A20256C750D0A00000000544F544158
:109940004C204F4B203A20256C750D0A000000007A
:1099500020204552524F5253203A20256C750D0A53
:1099600000000000464C4153483A20737461742053
:109970006572617365206572726F720D0A00000076
:10998000464C4153483A207374617420777269746D
:1099900065206572726F720D0A000000464C4153DB
:1099A000483A2073746174697374696320736176D3
:1099B00065640D0A00000000464C4153483A206E91
:1099C0006F2076616C696420737461746973746963
:1099D000630D0A00464C4153483A20737461742069
:1099E00073697A65206D69736D617463680D0A002F
:1099F000464C4153483A20737461746973746963C7
:109A0000206C6F616465640D0A000000464C415390
:109A1000483A206572617365206572726F720D0A33
:109A200000000000464C4153483A20777269746543
:109A3000206572726F720D0A00000000464C41539F
:109A4000483A20706172616D65746572732073614C
:109A50007665640D0A000000464C4153483A206E7A
:109A60006F2076616C696420646174610D0A000086
:109A7000464C4153483A2073697A65206D69736D8D
:109A8000617463682C207573696E67206465666114
:109A9000756C74730D0A0000464C4153483A2070AF
:109AA0006172616D6574657273206C6F6164656469
:109AB0000D0A00000D0A2D2D2D2D2D2D2D2D2D2DB6
:109AC0002D2D2D2D2D2D2D2D2D2D2D2D2D2D2D2DC6
:109AD0002D2D2D2D2D2D2D2D2D2D2D2D2D2D2D2DB6
:109AE0002D2D2D2D2D2D2D0D0A0000002020205470
:109AF00043492D5320000000302E310020202050FB
:109B0000204120522041204D204520542045205204
:109B100020530D0A000000002D2D2D2D2D2D2D2D53
:109B20002D2D2D2D2D2D2D2D2D2D2D2D2D2D2D2D65
:109B30002D2D2D2D2D2D2D2D2D2D2D2D2D2D2D2D55
:109B40002D2D2D2D2D2D2D2D2D0D0A005052494D31
:109B5000415259204E45543A2025750D0A00000007
:109B60004E4558542054494D453A2025750D0A005C
:109B70004E45585420525054203A2025750D0A0065
:109B80004552524F52205250543A2025750D0A002A
:109B900050524554494D4520203A2025750D0A0064
:109BA0004445414454494D45203A2025750D0A004D
:109BB0005359532E544F4B20203A2025750D0A003F
:109BC0004F555420454E41422E3A2025750D0A002E
:109BD0002D2D2D2D2D2D2D2D2D2D2D2D2D2D2D2DB5
:109BE0002D2D2D2D2D2D2D2D2D2D2D2D2D2D2D2DA5
:109BF0002D2D2D2D2D2D2D2D2D2D2D2D2D2D2D2D95
:109C00002D0D0A4E45543A002025303275000000D3
:109C10000D0A4441553A0000207820000D0A2D2DF0
:109C20002D2D2D2D2D2D2D2D2D2D2D2D2D2D2D2D64
:109C30002D2D2D2D2D2D2D2D2D2D2D2D2D2D2D2D54
:109C40002D2D2D2D2D2D2D2D2D2D2D2D2D2D2D0071
:109C50000D0A524F5554453A204E45542050544811
:109C600020444155202D3E20464C5720455252203D
:109C70005245560D0A0000002020202020202025DB
:109C80003032750020202A200000000020202530DE
:109C90003275000020202D3E202530327500000056
:109CA0002020253032750D0A00000000555054491F
:109CB0004D453A20256C75207365632020202000D7
:109CC000FFFFFFFFFFFFFFFFFFFFFFFFFFFFFFFFA4
:109CD0003035312C3230342C3030302C3031312C86
:109CE00000000000253033752C253033752C2530CD
:109CF00033752C253033752C000000003030302CAB
:109D0000253033752C253033752C3130382C00003C
:109D1000253033752C253033752C3030302C3030D5
:109D2000302C00003030312C000000003030302C5E
:109D30003030302C3030302C3030302C3030302C33
:109D40003030302C3030302C3030302C3030302C23
:109D50003030302C3030302C3030302C3030302C13
:109D60003030302C3030302C3030302C3030302C03
:109D70003030302C3030302C3030302C3030302CF3
:109D80003030302C3030302C3030302C000000009F
:109D9000253033752C0000003030302C3030302C22
:109DA0003030302C3030302C3030302C3030302CC3
:109DB0003030302C3030302C3030302C3030302CB3
:109DC0003030302C3030302C3030302C3030302CA3
:109DD0003030302C3030302C3030302C3030302C93
:109DE0003030302C3030302C3030302C3030302C83
:109DF0003030302C3030302C3030302C3030302C73
:109E00003030302C3030302C3030302C3030302C62
:109E10003030302C3030302C3030302C3030302C52
:109E20003030302C3030302C3030302C3030302C42
:109E30003030302C3030302C3030302C3030302C32
:109E40003030302C3030302C3030302C3030302C22
:109E50003030302C3030302C3030302C3030302C12
:109E60003030302C3030302C3030302C3030302C02
:109E70003030302C3030302C3030302C3030302CF2
:109E80003030302C3030302C3030302C3030302CE2
:109E90003030302C3030302C3030302C3030302CD2
:109EA0003030302C3030302C3030302C3030302CC2
:109EB0003030302C3030302C00000000700D0A00A3
:109EC000253033752C253033752C253033752C25F2
:109ED0003033752C253033752C253033752C00002C
:109EE0000D0A00000D0A454550524F4D3A5B0000E7
:109EF0005D0D0A000D0A5752495445204545505200
:109F00004F4D3A5B000000000D0A5752495445205E
:109F1000524F555445533A205B0000002575785D3B
:109F20000D0A0000454E440D0A00000059657300FB
:109F300052657365745443490000000057616974A9
:109F400000000000546F6B005265616479000000EE
:109F5000546F6B656E3A25750000000030000000FC
:109F6000310000000D0000004525634600000000A0
:109F700025632563000000004F4B00000D0A2D2DC6
:109F80002D204D415354455220544F4B454E202DCA
:109F90002D2D0D0A000000004552524F52000000C6
:109FA0000D0A4552524F523A20546F6B656E204E47
:109FB0004F54206C6F616465642066726F6D20740D
:109FC0006865206D6173746572205B494E44455825
:109FD0003D25755D0D0A20000D0A4552524F523A3B
:109FE00020546F6B656E204E4F54206C6F6164651A
:109FF000642066726F6D20746865206D617374658E
:10A0000072210D0A000000000D0A4D554C544920E4
:10A0100054434920426F6172642053657474696EC1
:10A0200067206D6F64650D0A50415353574F52447A
:10A030003A200000434D443E200000003A0000005A
:10A040000A0D575249544520524F5554452054410A
:10A05000424C453A2020283132383D454E440A0DC5
:10A060000000000020524553455420005B000000D2
:10A070005D00000020554E4B4E4F574E2D434D4432
:10A08000200000000D0A434D443E20000D0A524FAF
:10A09000555445205441424C45205752495445445B
:10A0A0000D0A434D443E20005741534552000000E5
:10A0B00031000000300000000A0000002D2D2D208E
:10A0C000545820454E44202D2D2D0D0A000000002F
:10A0D0002052582053544154453A2000535441547F
:10A0E000455F52585F49444C450000005354415469
:10A0F000455F505245414D424C4500005354415438
:10A10000455F53594E435F5741495400535441549E
:10A11000455F524543454956494E470053544154C3
:10A12000455F524543454956454400005354415408
:10A13000455F5452414E534D4954494E470000002B
:10A14000554E4B4E4F574E000D0A000054582041BB
:10A150004C41524D3A204552524F525F4E4F5F5440
:10A16000414D5045525F53544152540D0A00000076
:10A17000545820414C41524D3A204552524F525F63
:10A180004E4F5F54414D5045525F454E440D0A00BD
:10A19000545820414C41524D3A204552524F525F43
:10A1A0004E4F5F4241544552595F53544152540DF2
:10A1B0000A000000545820414C41524D3A2045526B
:10A1C000524F525F4E4F5F4241544552595F454E88
:10A1D000440D0A000D0A2D2D2D20545820535441B2
:10A1E0005254202D2D2D0D0A00000000202020208B
:10A1F00054583A200000000053595354454D200054
:10A200004E4F524D414C200050502D544553542038
:10A21000000000004E45543D253032752044415524
:10A220003D25303275204144523D25303275205055
:10A230004154483D25752000544F4B454E3D2575F2
:10A240002042415443483D2575204D4153544552C9
:10A250003D253032750D0A002020202044495354FA
:10A260005249425554494F4E3D0000004449524521
:10A270004354200052455041495220005245564512
:10A280005253452000000000504153532D44415586
:10A290003D2530327520414C41524D2D4441553DB4
:10A2A0002530327520414C41524D2D4E4F3D257584
:10A2B0000D0A000020202020524F555445205741C0
:10A2C000593A20464F4C4C4F573D2530327520456A
:10A2D00052524F523D253032752052455645525309
:10A2E000414C3D253032750D0A0000000D0A2D2D20
:10A2F0002D205258205354415254202D2D2D0D0AFB
:10A3000000000000253032643A2049444C450D0AD3
:10A31000000000004F4B2000455252005B46495858
:10A3200045445D0000000000253032643A202530AD
:10A3300038582025732025730D0A00002020202086
:10A340004F4B3A2000000000202020204552524F61
:10A350005200000028484541443A4F4B293A00003A
:10A3600028484541443A455252293A00544F4B45FA
:10A370004E3D25752042415443483D2575204D41B1
:10A38000535445523D25303275200000663D256C02
:10A39000752E2530336C75487A0D0A004D53473DB4
:10A3A00000000000287072617A646E61290000006C
:10A3B000202020204144523D2530376C75204643F3
:10A3C000453D2564200000002D2D2D2052582045AC
:10A3D0004E44202D2D2D0D0A00000000544F4B45FA
:10A3E0004E2052455455524E45440D0A000000007F
:10A3F0004E4F54205458202D205265636F726420B4
:10A400006E6F7420666F756E6420696E20524F55B2
:10A410005445205441424C450D0A00004E4F5420F3
:10A42000544F2054580D0A00544F4B454E20464F70
:10A430004C4C4F5753204F4B0D0A000054583A20B4
:10A4400053656E64696E6720726573706F6E7365B5
:10A4500020746F2050502D544553540D0A000000B5
:10A460004E4F54205458202D2050502D54455354B5
:10A47000206E6F7420666F72206D650D0A000000FB
:10A48000524550454154204552524F522057415950
:10A490000D0A00005245504541542044495245435D
:10A4A00054205741590D0A005458205245564552E0
:10A4B000534520544F4B454E0D0A000020202020CC
:10A4C000545950453D53595354454D200000000008
:10A4D00020202020545950453D4E4F524D414C2094
:10A4E00000000000504154483D257520544F4B4515
:10A4F0004E3D25752042415443483D257520544921
:10A500004D454F55543D25757365630D0A00000098
:10A510002D2D2D204D4153544552204C4F41444543
:10A5200044202D2D2D0D0A00010000000500000023
:10A53000000000000D0A5345542052544320627914
:10A54000204750533A203230253032752D25303295
:10A55000752D253032752020253032753A25303260
:10A56000753A253032750D0A000000005554433A03
:10A57000203230253032752D253032752D25303280
:10A58000752020253032753A253032753A25303223
:10A59000750D0A000D0A5443493E20005B55544393
:10A5A0005D20000018000020232D302B2000686C57
:10A5B0004C006566674546470030313233343536E6
:10A5C000373839414243444546003031323334351F
:10A5D0003637383961626364656600000000000048
:08A5E000B05BFF7F01000000E9
:10A5E80080F0FA0200800000C0EA2101C0EA2101DF
:10A5F800010000001800002000000000000000001A
:10A608000000000000000000000000000000000042
:10A618000000000000000000000000000000000032
:10A628000000000000000000000000000000000022
:10A638000000000000000000000000000000000012
:10A648000000000000000000000000000000000002
:10A65800000000000000000075010000510100002A
:0400000300002A09C6
:00000001FF
